Código,Nombre común,Nombre científico,Tipo de planta
TAX,Taray,Tamarix sp,ARBUSTO
TBA,Tejo,Taxus baccata,CONIFERA
TFO,Palma de Fortune,Trachycarpus fortunei,PALMACEA
TFR,Olivilla,Teucrium fruticans,ARBUSTO
TGA,Taray,Tamarix gallica,ARBUSTO
THX,Tuya,Thuja sp,CONIFERA
YAL,Yuca pinchuda,Yucca aloifolia,HERB_PERENNES
TIC,Tilo de hoja pequeña,Tilia cordata,FRONDOSA
TIE,Tilo,Tilia x europaea,FRONDOSA
TIP,Tilo de hojas grandes,Tilia platyphyllos,FRONDOSA
UMIV,Olmo común,Ulmus minor 'Dehesa de la Villa',FRONDOSA
TIX,Tilos,Tilia sp,FRONDOSA
TOC,Tuya occidental,Thuja occidentalis,CONIFERA
SVUC,Lilo,Syringa vulgaris 'Charles Joly',ARBUSTO
UAM,Olmo americana,Ulmus americana,FRONDOSA
UGL,Olmo de montaña,Ulmus glabra,FRONDOSA
UHO,Olmo de Holanda,Ulmus x hollandica,FRONDOSA
UJA,Olmo japonés/Ulmus japonica,Ulmus davidiana var. japonica,FRONDOSA
ULX,Olmos,Ulmus sp,FRONDOSA
UMI,Olmo común,Ulmus minor,FRONDOSA
UPA,Olmo chino,Ulmus parvifolia,FRONDOSA
UTH,Olmo de corcho,Ulmus thomasii,FRONDOSA
VBU,Verónica/Veronica buxifolia,Hebe buxifolia,ARBUSTO
VIX,Viburnos,Viburnum sp,ARBUSTO
VMA,Hierba doncella,Vinca major,TAPIZANTE/TREPADORA
VTI,Durillo,Viburnum tinus,ARBUSTO
ACDI,Arce del diablo,Acer diabolicum,FRONDOSA
YUZ,Yucas,Yucca sp,HERB_PERENNES
ZSE,Zelkova japonesa,Zelkova serrata,FRONDOSA
PIH,Pitosporo,Pittosporum heterophyllum,ARBUSTO
AAL,Ailanto,Ailanthus altissima,FRONDOSA
AAM,Pita,Agave americana,CACTACEA/SUCULENTA
ABA,Abeto blanco,Abies alba,CONIFERA
ABP,Pinsapo,Abies pinsapo,CONIFERA
ABX,Abeto,Abies sp,CONIFERA
ACA,Arce campestre,Acer campestre,FRONDOSA
ACX,Acacias,Acacia sp,FRONDOSA
ADE,Mimosa plateada,Acacia dealbata,FRONDOSA
ACPF,Arce forresti,Acer pectinatum subsp. forrestii,FRONDOSA
AFL,Abelia floribunda/Abelia floribunda,Vesalea floribunda,ARBUSTO
AGR,Abelia,Abelia x grandiflora,ARBUSTO
AGX,Pitas,Agave sp,CACTACEA/SUCULENTA
AHI,Castaño de indias,Aesculus hippocastanum,FRONDOSA
AJU,Acacia de Constantinopla,Albizia julibrissin,FRONDOSA
ALO,Mimosa dorada,Acacia longifolia,FRONDOSA
ALX,Albizia,Albizia sp,FRONDOSA
AMO,Arce de Montpellier,Acer monspessulanum,FRONDOSA
APL,Arce real,Acer platanoides,FRONDOSA
APR,Abeto noble,Abies procera,CONIFERA
APS,Falso plátano,Acer pseudoplatanus,FRONDOSA
ASA,Arce del azúcar,Acer saccharinum,FRONDOSA
ATA,Arce de Tartaria,Acer tataricum,FRONDOSA
AUJ,Laurel manchado,Aucuba japonica,ARBUSTO
CBU,Catalpa de Bunge,Catalpa bungei,FRONDOSA
CCO,Avellano turco,Corylus colurna,FRONDOSA
CDA,Cotoneaster de Dammer,Cotoneaster dammeri,ARBUSTO
CEO,Almez americano,Celtis occidentalis,FRONDOSA
DVI,Caqui de Virginia,Diospyros virginiana,FRONDOSA
EAN,Árbol del paraíso,Elaeagnus angustifolia,FRONDOSA
ECA,Eucalipto rojo,Eucalyptus camaldulensis,FRONDOSA
EEU,Bonetero,Euonymus europaeus,ARBUSTO
EFL,Escalonia,Escallonia floribunda,ARBUSTO
EFO,Bonetero rastrero,Euonymus fortunei,ARBUSTO
EGL,Eucalipto blanco,Eucalyptus globulus,FRONDOSA
VOPN,Bola de nieve 'Nanum',Viburnum opulus 'Nanum',ARBUSTO
EPU,Eleagno,Elaeagnus pungens,ARBUSTO
ERO,Escalonia rosa,Escallonia rosea,ARBUSTO
ESX,Esacalonia,Escallonia sp,ARBUSTO
EUZ,Evónimo,Euonymus sp,ARBUSTO
FAM,Fresno americano,Fraxinus americana,FRONDOSA
FAN,Fresno de la tierra,Fraxinus angustifolia,FRONDOSA
FCA,Higuera,Ficus carica,FRONDOSA
FEX,Fresno común,Fraxinus excelsior,FRONDOSA
FOI,Forsitia,Forsythia x intermedia,ARBUSTO
FOR,Fresno de flor,Fraxinus ornus,FRONDOSA
FRX,Fresnos,Fraxinus sp,FRONDOSA
FSI,Parasol de la China,Firmiana simplex,SUBTROPICAL/TROPICAL
FSY,Haya,Fagus sylvatica,FRONDOSA
LIN,Árbol de Júpiter,Lagerstroemia indica,FRONDOSA
LIX,Aligustres,Ligustrum sp,ARBUSTO
LLT,Espliego,Lavandula latifolia,ARBUSTO
LLU,Aligustre arbóreo,Ligustrum lucidum,ARBUSTO
LNO,Laurel,Laurus nobilis,FRONDOSA
LOF,Lavanda,Lavandula officinalis,ARBUSTO
LOV,Ligustrina,Ligustrum ovalifolium,ARBUSTO
UMID,Olmo común,Ulmus minor 'Dehesa de Amaniel',FRONDOSA
UMIR,Olmo común,Ulmus minor 'Retiro',FRONDOSA
PIN,Pino laricio,Pinus nigra,CONIFERA
PIP,Pino resinero,Pinus pinaster,CONIFERA
PIS,Abeto del Himalaya,Picea smithiana,CONIFERA
PIT,Pitosporo,Pittosporum tobira,ARBUSTO
PIX,Pino,Pinus sp,CONIFERA
PLU,Palo loro,Prunus lusitanica,ARBUSTO
PMH,Cerezo de Santa Lucía,Prunus mahaleb,ARBUSTO
PNI,Chopo negro,Populus nigra,FRONDOSA
POC,Chopo del Canadá,Populus x canadensis,FRONDOSA
POR,Plátano oriental,Platanus orientalis,FRONDOSA
POS,Chopo de Simón,Populus simonii,FRONDOSA
POX,Chopo,Populus sp,FRONDOSA
POZ,Fotinia,Photinia sp,ARBUSTO
PPE,Melocotonero,Prunus persica,FRONDOSA
PPI,Pino piñonero,Pinus pinea,CONIFERA
PRA,Albaricoquero,Prunus armeniaca,FRONDOSA
PRC,Ciruelo rojo,Prunus cerasifera,FRONDOSA
PRP,Cerezo de racimos,Prunus padus,FRONDOSA
PRS,Capulín,Prunus serotina,FRONDOSA
PRX,Pruno,Prunus sp,FRONDOSA
PSL,Peral de hoja de sauce,Pyrus salicifolia,FRONDOSA
PTO,Paulonia,Paulownia tomentosa,FRONDOSA
PTR,Álamo temblón,Populus tremula,FRONDOSA
SHY,Espirea,Spiraea hypericifolia,ARBUSTO
SJA,Acacia del Japón/Sophora japonica,Styphnolobium japonicum,FRONDOSA
SJU,Gayomba,Spartium junceum,HERB_PERENNES
VLU,Viburno,Viburnum lucidum,ARBUSTO
AUN,Madroño,Arbutus unedo,ARBUSTO
BCA,Palmera de la jalea,Butia capitata,PALMACEA
BDA,Arbusto de las mariposas,Buddleja davidii,ARBUSTO
BJU,Agracejo chino,Berberis julianae,ARBUSTO
BPA,Abedul de papel,Betula papyrifera,FRONDOSA
BPE,Abedul llorón (o péndulo),Betula pendula,FRONDOSA
BPU,Abedul pubescente,Betula pubescens,FRONDOSA
BRP,Morera de papel,Broussonetia papyrifera,FRONDOSA
BTH,Agracejo,Berberis thunbergii,ARBUSTO
BUT,Abedul del Himalaya,Betula utilis,FRONDOSA
BUX,Budelia,Buddleja sp,ARBUSTO
CAD,Cedro blanco,Calocedrus decurrens,CONIFERA
CAO,Arbusto del guisante,Caragana arborescens,ARBUSTO
CAR,Ciprés de Arizona,Cupressus arizonica,CONIFERA
CAS,Castaño,Castanea sativa,FRONDOSA
CAU,Almez,Celtis australis,FRONDOSA
CES,Algarrobo,Ceratonia siliqua,FRONDOSA
CFR,Cotoneaster frígido,Cotoneaster frigidus,ARBUSTO
CHL,Ciprés de Lawson,Chamaecyparis lawsoniana,CONIFERA
CHO,Falso ciprés,Chamaecyparis obtusa,CONIFERA
ABCO,Abeto del Colorado,Abies concolor,CONIFERA
CHU,Palmito,Chamaerops humilis,PALMACEA
CIA,Naranjo amargo,Citrus x aurantium,FRONDOSA
CIL,Limonero,Citrus limon,FRONDOSA
VOP,Bola de nieve,Viburnum opulus,ARBUSTO
CLA,Almez del Mississipi,Celtis laevigata,FRONDOSA
PDUC,,Prunus dulcis 'Cavaliera',FRONDOSA
CLI,Cedro del Líbano,Cedrus libani,CONIFERA
CMO,Majuelo,Crataegus monogyna,ARBUSTO
COH,Cotoneaster horizontal,Cotoneaster horizontalis,ARBUSTO
COL,Cotoneaster lechoso,Cotoneaster lacteus,ARBUSTO
COX,Cotoneaster,Cotoneaster sp,ARBUSTO
CPE,Calistemo espléndido,Callistemon speciosus,ARBUSTO
CRI,Cepillo,Callistemon rigidus,ARBUSTO
CRL,Espino blanco,Crataegus laevigata,ARBUSTO
CSA,Cornejo rojo,Cornus sanguinea,ARBUSTO
CSE,Ciprés común,Cupressus sempervirens,CONIFERA
CSI,Árbol del amor,Cercis siliquastrum,FRONDOSA
CSL,Cotoneaster de hoja de sauce,Cotoneaster salicifolius,ARBUSTO
CUM,Ciprés de Monterrey,Cupressus macrocarpa,CONIFERA
CUX,Ciprés,Cupressus sp,CONIFERA
CVA,Carolina del jardín,Coronilla valentina,HERB_PERENNES
CYO,Membrillero,Cydonia oblonga,ARBUSTO
DLO,Caqui enano,Diospyros lotus,FRONDOSA
GTR,Acacia de tres espinas,Gleditsia triacanthos,FRONDOSA
HAN,Verónica,Hebe andersonii,ARBUSTO
HHE,Hiedra,Hedera helix,TAPIZANTE/TREPADORA
RSM,Rosa ‘Sweet Meidilland’,Rosa 'Sweet Meidilland',ARBUSTO
HRO,Rosa de China,Hibiscus rosa-sinensis,ARBUSTO
HSX,Hebe,Hebe sp,ARBUSTO
HSY,Rosa de Siria,Hibiscus syriacus,ARBUSTO
IAQ,Acebo,Ilex aquifolium,FRONDOSA
IRX,Lirios,Iris sp,HERB_PERENNES
JCO,Enebro común,Juniperus communis,CONIFERA
JHO,Junípero horizontal,Juniperus horizontalis,CONIFERA
JNU,Jazmín de invierno,Jasminum nudiflorum,TAPIZANTE/TREPADORA
JRE,Nogal,Juglans regia,FRONDOSA
JUX,Junipero,Juniperus sp,CONIFERA
KPA,Árbol de los farolitos,Koelreuteria paniculata,FRONDOSA
LSO,Cantueso,Lavandula stoechas,ARBUSTO
LST,Liquidambar,Liquidambar styraciflua,FRONDOSA
LTU,Árbol de las tulipas,Liriodendron tulipifera,FRONDOSA
LVU,Aligustre,Ligustrum vulgare,ARBUSTO
MAL,Morera blanca,Morus alba,FRONDOSA
MAQ,Mahonia; Berberis aquifolium,Mahonia aquifolium,ARBUSTO
MCO,Manzano,Malus communis,FRONDOSA
MEA,Cinamomo,Melia azedarach,FRONDOSA
MFL,Manzano japonés,Malus floribunda,FRONDOSA
MGE,Níspero,Mespilus germanica,FRONDOSA
MGR,Magnolio,Magnolia grandiflora,FRONDOSA
MNI,Morera,Morus nigra,FRONDOSA
MOX,Morera,Morus sp,FRONDOSA
MSY,Manzano silvestre,Malus sylvestris,FRONDOSA
PCY,Peral de flor,Pyrus calleryana,FRONDOSA
CLS,limpiatubos llorón,Callistemon viminalis,ARBUSTO
NOL,Adelfa,Nerium oleander,ARBUSTO
OCA,Carpe negro,Ostrya carpinifolia,FRONDOSA
PAB,Álamo plateado,Populus alba 'Bolleana',FRONDOSA
PAG,Piracanta de hoja estrecha,Pyracantha angustifolia,ARBUSTO
PAL,Álamo blanco,Populus alba,FRONDOSA
PAV,Cerezo silvestre,Prunus avium,FRONDOSA
PBO,Piruétano,Pyrus bourgaeana,FRONDOSA
PCC,Espino de fuego,Pyracantha coccinea,ARBUSTO
PCE,Pino cembro,Pinus cembra,CONIFERA
PCO,Celinda,Philadelphus coronarius,ARBUSTO
PCP,Ciruelo púrpura,Prunus cerasifera  subsp. pissardii,FRONDOSA
PDI,Bellasombra,Phytolacca dioica,FRONDOSA
PGL,Fotinia,Photinia glabra,ARBUSTO
PGR,Granado,Punica granatum,FRONDOSA
PHC,Palmera canaria,Phoenix canariensis,PALMACEA
PHD,Palmera datilera,Phoenix dactylifera,PALMACEA
PHF,Fotinia,Photinia x fraseri,ARBUSTO
PHS,Fotinia,Photinia serrulata,ARBUSTO
PYC,Peral,Pyrus communis,FRONDOSA
PYX,Álamo de Yunnan,Populus yunnanensis,FRONDOSA
PYZ,Piracantas,Pyrus sp,ARBUSTO
VEX,Verónicas,Veronica sp,ARBUSTO
RPLB,Rosa ‘Polyantha Little Buccara’,Rosa 'Polyantha Little Buccara',ARBUSTO
QPE,Roble albar,Quercus petraea,FRONDOSA
QRO,Roble común,Quercus robur,FRONDOSA
QRU,Roble americano,Quercus rubra,FRONDOSA
QSU,Alcornoque,Quercus suber,FRONDOSA
RAC,Rusco,Ruscus aculeatus,HERB_PERENNES
RAL,Aladierno,Rhamnus alaternus,ARBUSTO
RCN,Rosal silvestre,Rosa canina,ARBUSTO
RHI,Acacia rosa,Robinia hispida,FRONDOSA
ROF,Romero,Salvia rosmarinus,ARBUSTO
ROX,Rododendro,Rhododendron sp,ARBUSTO
ROZ,Rosas,Rosa sp,ARBUSTO
RPS,Falsa acacia,Robinia pseudoacacia,FRONDOSA
RSP,Retama amarilla,Retama sphaerocarpa,ARBUSTO
SAL,Sauce blanco,Salix alba,FRONDOSA
SAU,Serbal de los cazadores,Sorbus aucuparia,FRONDOSA
ULDA,Olmo del padre David,Ulmus davidiana,FRONDOSA
SBA,Sauce llorón,Salix babylonica,FRONDOSA
SCH,Santolina,Santolina chamaecyparissus,ARBUSTO
SCN,Corona de novia,Spiraea cantoniensis,ARBUSTO
SMI,Acacia,Sophora microphylla,FRONDOSA
SOF,Salvia,Salvia officinalis,HERB_PERENNES
SPX,Espirea,Spiraea sp,ARBUSTO
SSA,Falsa espirea,Sorbaria sorbifolia,HERB_PERENNES
SSE,Secuoya,Sequoia sempervirens,CONIFERA
SVA,Espírea de Vanhoutte,Spiraea x vanhouttei,ARBUSTO
SVU,Lilo,Syringa vulgaris,ARBUSTO
TAM,Tilo americano,Tilia americana,FRONDOSA
ISPS,Carraspique 'Snowflake',Iberis sempervirens 'Snowflake',HERB_PERENNES
ILNR,Acebo 'Nellie Stevens'; 	Ilex aquifolium 'Nellie R. Stevens',Ilex 'Nellie R. Stevens',FRONDOSA
IRPV,Lirio dálmata 'Variegata',Iris pallida 'Variegata',HERB_PERENNES
JMEM,Enebro de Pfitzer 'Mint julep',Juniperus x pfitzeriana 'Mint julep',CONIFERA
ACP,Arce de Capadocia,Acer cappadocium,FRONDOSA
KAMP,Plantabella 'Pink cloud',Kolkwitzia amabilis 'Pink Cloud',ARBUSTO
LAGH,Lavanda 'Hidcote',Lavandula angustifolia 'Hidcote',ARBUSTO
LATB,Malva 'Barnsley',Lavatera thuringiaca 'Barnsley',HERB_PERENNES
LIMU,Serpentina,Liriope muscari,HERB_PERENNES
LNIE,Madreselva nitida 'Elegant',Lonicera nitida 'Elegant',TAPIZANTE/TREPADORA
LYSP,Albardín,Lygeum spartum,HERB_PERENNES
APSW,Falso plátano amarillo,Acer pseudoplatanus 'Worleei',FRONDOSA
MEOF,Melisa,Melissa officinalis,HERB_PERENNES
EJAB,Evónimo japones de hoja con bordes blancos,Euonymus japonicus 'Albomarginata',ARBUSTO
ASAL,Arce plateado 'Laciniatum Wieri',Acer saccharinum 'Laciniatum Wieri',FRONDOSA
AGAF,Lirio africano,Agapanthus africanus,HERB_PERENNES
AGTH,Agapanto 'Thinkerbell',Agapanthus 'Thinkerbell',HERB_PERENNES
AGWD,Agapanto 'White dwarf',Agapanthus 'White dwarf',HERB_PERENNES
ARPC,Artemisa 'Powis castle',Artemisia 'Powis Castle',HERB_PERENNES
BDAW,Budelia 'White profusion',Buddleja davidii 'White Profusion',ARBUSTO
CEGY,Lilo 'Yankee point',Ceanothus griseus 'Yankee point',ARBUSTO
CIFL,Jara florentina,Cistus x florentinus,ARBUSTO
CISK,Jara de flor rosada,Cistus x skanbergii,ARBUSTO
COKV,Coprosma ‘Variegata’,Coprosma x kirkii 'Variegata',ARBUSTO
COBE,Cornejo 'Elegantissima',Cornus alba 'Elegantissima',ARBUSTO
DESP,Aira,Deschampsia sp,HERB_PERENNES
DHIF,Hierba del pastor 'Frejorgues',Dorycnium hirsutum 'Frejorgues',HERB_PERENNES
ERKA,Margarita cimarrona,Erigeron karvinskianus,HERB_PERENNES
ESIV,Escalonia iveyi,Escallonia x iveyi,ARBUSTO
GLDS,Gaura 'Siskiyou pink',"Gaura lindheimeri ""Siskiyou Pink""",HERB_PERENNES
TOCS,Tuya occidental 'Smaragd',Thuja occidentalis 'Smaragd',CONIFERA
HEST,Lirio de San Juan 'Stafford',Hemerocallis 'Stafford',HERB_PERENNES
HYHI,Cerrillo,Hyparrhenia hirta,HERB_PERENNES
ABZ,Abelia,Abelia sp,ARBUSTO
ACE,Abeto de Grecia,Abies cephalonica,CONIFERA
ACO,Aliso napolitano,Alnus cordata,FRONDOSA
AKO,Abeto de Corea,Abies koreana,CONIFERA
AMS,Abeto de Masjoan,Abies x masjoannis,CONIFERA
AHY,Abutilón,Abutilon hybridum,ARBUSTO
ACC,Acacia de costa,Acacia cyclops,FRONDOSA
RLO,Rosa ‘Loredo’,Rosa 'Loredo',ARBUSTO
ARE,Arce campestre 'Elsrijk',Acer campestre 'Elsrijk',FRONDOSA
AWI,Acalifa,Acalypha wilkesiana,SUBTROPICAL/TROPICAL
ACM,Acanto,Acanthus mollis,HERB_PERENNES
AUM,Arce tridente,Acer buergerianum,FRONDOSA
AII,Arce de Freeman,Acer x freemanii,FRONDOSA
AZF,"Arce de Freeman, cultivar 'Autumn Blaze'; ‘Jeffersred’ (Autumn Blaze® Maple)",Acer x freemanii 'Autumn Blaze',FRONDOSA
AGN,Arce de Amur,Acer tataricum subsp. ginnala,FRONDOSA
UEU,Tojo,Ulex europaeus,ARBUSTO
ANE,Arce negundo,Acer negundo,FRONDOSA
ADO,Arce negundo variegado,Acer negundo 'Variegatum',FRONDOSA
AOP,Acirón,Acer opalus,FRONDOSA
APCS,Arce 'Pacific sunset',Acer x 'Pacific Sunset',FRONDOSA
APA,Arce palmeado (japonés),Acer palmatum,FRONDOSA
APE,Arce de Pensilvania,Acer pensylvanicum,FRONDOSA
AES,Arce real 'Crimson Sentry',Acer platanoides 'Crimson Sentry',FRONDOSA
ANP,Arce real 'Crimson King',Acer platanoides 'Crimson King',FRONDOSA
ARU,Arce rojo,Acer rubrum,FRONDOSA
ACZ,Acorus,Acorus sp,HERB_PERENNES
ACL,Milenrama de flor blanca,Achillea millefolium,HERB_PERENNES
ACH,Milenrama,Achillea sp,HERB_PERENNES
THZ,Tomillo,Thymus sp,HERB_PERENNES
UAC,Milenrama,Achillea umbellata,HERB_PERENNES
AWR,Palmera de Florida,Acoelorrhaphe wrightii,PALMACEA
ASP,Laurel tóxico/Acokantera spectabilis,Acokanthera oblongifolia,ARBUSTO
ADX,Codesos,Adenocarpus sp,HERB_PERENNES
AIC,Castaño de Indias de flor rosada,Aesculus indica,FRONDOSA
ANG,Castaño de Indias de Carolina,Aesculus x neglecta,FRONDOSA
APV,Castaño enano,Aesculus parviflora,FRONDOSA
AWO,Falso castaño de Wörlitz,Aesculus x woerlitzensis,FRONDOSA
AGA,Menta de la India,Agastache sp,HERB_PERENNES
AGHO,Agerato,Ageratum houstonianum,HERB_PERENNES
AGTE,Agrostis tenuis,Agrostis canina,HERB_PERENNES
APC,Ajania,Ajania pacifica,HERB_ANUAL
ALP,Albizia amarilla,Albizia lophantha,FRONDOSA
APO,Albizia,Albizia procera,FRONDOSA
ALZ,Ajo ornamental,Allium sp,HERB_PERENNES
ALL,Canastillo,Alyssum saxatile,HERB_PERENNES
AGL,Aliso común,Alnus glutinosa,FRONDOSA
AIN,Aliso gris,Alnus incana,FRONDOSA
ALR,Aliso rojo,Alnus rubra,FRONDOSA
AMH,Alocasia,Alocasia macrorrhizos,HERB_PERENNES
ALOE,Aloe,Aloe sp,CACTACEA/SUCULENTA
ALCI,Hierbaluisa,Aloysia citriodora,SUBTROPICAL/TROPICAL
ATR,Hierba Luisa,Aloysia triphylla,SUBTROPICAL/TROPICAL
ALS,Lirio de los Incas,Alstroemeria sp,HERB_ANUAL
ALM,Canastillo de oro,Alyssum montanum,HERB_PERENNES
AMX,Azucena,Amaryllis sp,HERB_ANUAL
AMR,Guillomo,Amelanchier arborea,ARBUSTO
AML,Guillomo 'Robin Hill',Amelanchier arborea 'Robin Hill',ARBUSTO
AMC,Guillomo del Canadá,Amelanchier canadensis,ARBUSTO
AMLA,Cornijuelo,Amelanchier lamarckii,ARBUSTO
AOV,Bellomera,Amelanchier ovalis,ARBUSTO
AMBR,Parra ornamental china,Ampelopsis brevipendunculata,TAPIZANTE/TREPADORA
ANX,Anémona de los jardines,Anemone sp,HERB_ANUAL
ANC,"Chirimoyo, Chirimoya",Annona cherimola,SUBTROPICAL/TROPICAL
ANT,Manzanilla,Anthemis sp,HERB_PERENNES
ANMA,Conejitos,Antirrhinum majus nanum pendula,HERB_PERENNES
ATX,Albaida,Anthyllis sp,HERB_PERENNES
APCO,Aptenia cordiflora,Mesembryanthemum cordifolium,CACTACEA/SUCULENTA
AQA,Aguileña,Aquilegia alpina,HERB_PERENNES
AREL,Aralia,Aralia elata,HERB_PERENNES
ARZ,Aralias,Aralia sp,HERB_PERENNES
AAR,Araucaria,Abies araucana,CONIFERA
AHE,Araucaria excelsa,Araucaria heterophylla,CONIFERA
AIM,Araucana,Araucaria imbricata,CONIFERA
AME,Madroña,Arbutus menziesii,ARBUSTO
ARA,Palmera de Alejandría,Archontophoenix alexandrae,PALMACEA
ARC,Palmera de Bangalow,Archontophoenix cunninghamiana,PALMACEA
AUU,Gayuba,Arctostaphylos uva-ursi,HERB_PERENNES
ASC,Palmera de la reina/Arikuryroba schizophylla,Syagrus schizophylla,SUBTROPICAL/TROPICAL
AIX,Aristoloquia,Aristolochia sp,SUBTROPICAL/TROPICAL
ARR,Césped de España,Armeria maritima,HERB_PERENNES
ARME,Aronia,Aronia melanocarpa,ARBUSTO
ART,Ajenjo de montaña,Artemisia arborescens,HERB_PERENNES
ATZ,Artemisa,Artemisia sp,HERB_PERENNES
ARJ,Bambú japonés/Arundinaria japonica,Pseudosasa japonica,HERB_PERENNES
AVR,Bambú variegado/Arundinaria variegata,Pleioblastus fortunei,HERB_PERENNES
ARD,Caña común,Arundo donax,HERB_PERENNES
ASX,Asclepia,Asclepias sp,HERB_PERENNES
ASSC,Espárrago trepador,Asparagus scandens,HERB_PERENNES
ASG,Esparragueras,Asparagus sp,HERB_PERENNES
ALU,Aspidistra,Aspidistra lurida,HERB_PERENNES
ATI,Estrella de arroyos,Aster tripolium,HERB_PERENNES
RHU,Rosa ‘Hugonis’,Rosa 'Hugonis',ARBUSTO
AUZ,Aubrietia,Aubrieta sp,HERB_PERENNES
AID,Azalea/Azalea indica,Rhododendron indicum,ARBUSTO
BAZ,Árbol orquídea,Bauhinia sp,FRONDOSA
BAX,Bambú,Bambusa sp,HERB_PERENNES
BVU,Bambú común,Bambusa vulgaris,HERB_PERENNES
BFO,Pata de vaca,Bauhinia forficata,FRONDOSA
BAGA,Bauhinia roja,Bauhinia galpinii,FRONDOSA
BTA,Árbol de Santo Tomás,Bauhinia tomentosa,FRONDOSA
BESE,Begonia semperflorens,Begonia cucullata,HERB_ANUAL
BEPE,Margarita de los prados,Bellis perennis,HERB_ANUAL
BLZ,Margaritas,Bellis sp,HERB_ANUAL
BBU,Calafate/Berberis buxifolia,Berberis microphylla,ARBUSTO
TRA,Taray catina,Tamarix ramosissima,ARBUSTO
BCH,Agracejo de Chenault,Berberis x chenaultii,ARBUSTO
BEDA,Agracejo de Darwin,Berberis darwinii,ARBUSTO
BEOT,Agracejo de Ottawa,Berberis × ottawensis,ARBUSTO
BEZ,Agracejo,Berberis sp,ARBUSTO
BST,Coralina compacta/Berberis x stenophylla,Berberis soulieana,ARBUSTO
REC,Rosa Easy Cover,Rosa 'Easy Cover',ARBUSTO
BECR,Hortensia de invierno,crassifolia,HERB_PERENNES
BRZ,Bergenias,Bergenia sp,HERB_PERENNES
BAL,Abedul amarillo,Betula alleghaniensis,FRONDOSA
BER,Abedul de Erman,Betula ermanii,FRONDOSA
BNA,Abedul enano,Betula nana,FRONDOSA
BNI,Abedul negro,Betula nigra,FRONDOSA
BEX,Abedul,Betula sp,FRONDOSA
BOX,Buganvillas,Bougainvillea sp,TAPIZANTE/TREPADORA
BGL,Buganvilla flor de papel,Bougainvillea glabra,TAPIZANTE/TREPADORA
BRA,Árbol de fuego,Brachychiton acerifolius,FRONDOSA
BDI,Braquiquito rosado,Brachychiton discolor,FRONDOSA
BPO,Braquiquito blanco,Brachychiton populneus,FRONDOSA
BRU,Árbol botella,Brachychiton rupestris,FRONDOSA
BRX,Braquiquitos,Brachychiton sp,FRONDOSA
BAR,Palmera azul,Brahea armata,PALMACEA
BDU,Palma dulce,Brahea dulcis,PALMACEA
BROL,Col ornamental,Brassica oleracea,HERB_ANUAL
BNV,Arbusto nevado,Breynia nivosa,HERB_PERENNES
BCL,Jazmín de Paraguay,Brunfelsia calycina,SUBTROPICAL/TROPICAL
BDG,Matico,Buddleja globosa,ARBUSTO
BFR,Adelfilla,Bupleurum fruticosum,HERB_PERENNES
BYA,Palma yatai,Butia yatay,PALMACEA
BBA,Boj balear,Buxus balearica,ARBUSTO
BMI,Boj de hoja pequeña,Buxus microphylla,ARBUSTO
BUZ,Boj,Buxus sp,ARBUSTO
CAGI,Ave del paraíso,Caesalpinia gilliesii,ARBUSTO
CAOF,Caléndula,Calendula officinalis,HERB_ANUAL
COK,escobillón rojo,Callistemon viminalis 'Captain Cook',ARBUSTO
CLC,Calistemo,Callistemon lanceolatus,ARBUSTO
CASP,Limpiatubos,Callistemon sp,ARBUSTO
CVL,Brezo,Calluna vulgaris,ARBUSTO
CAOC,Calicanto de occidente,Calycanthus occidentalis,ARBUSTO
CLY,Aulaga (Aliaga) negra,Calicotome spinosa,ARBUSTO
CVI,Erguén,Calicotome villosa,ARBUSTO
CJA,Camelia común; rosa de invierno,Camellia japonica,ARBUSTO
CRA,Trompetilla,Campsis radicans,TAPIZANTE/TREPADORA
CTA,Bignonia,Campsis x tagliabuana,TAPIZANTE/TREPADORA
CIN,Cañas de indias,Canna indica,HERB_PERENNES
CSP,Juncia,Carex sp,HERB_PERENNES
MYPA,Mioporo,Myoporum parvifolium,ARBUSTO
CLL,Nogal americano,Carya illinoinensis,FRONDOSA
CAC,Carióptera,Caryopteris x clandonensis,HERB_ANUAL
SJP,Acacia de Japón 'Pendula'/Sophora japonica 'Pendula',Styphnolobium japonicum 'Pendula',FRONDOSA
CED,Zapote blanco,Casimiroa edulis,ARBUSTO
CTE,Matasano,Casimiroa tetrameria,ARBUSTO
CCU,Casaurina,Casuarina cunninghamiana,FRONDOSA
CEQ,Pino australiano,Casuarina equisetifolia,FRONDOSA
CAY,Casaurina,Casuarina sp,FRONDOSA
CBI,Catalpa,Catalpa bignonioides,FRONDOSA
CARO,Hierba doncella,Catharanthus roseus,HERB_PERENNES
CCA,Lilo de California,Ceanothus caeruleus,ARBUSTO
CDL,Ceanoto,Ceanothus x delilianus,ARBUSTO
CPL,Lilo de California híbrido,Ceanothus x pallidus,ARBUSTO
CAX,Ceanoto,Ceanothus sp,ARBUSTO
CETH,Lilo de California,Ceanothus thyrsiflorus,ARBUSTO
CDH,Cedro chino/Cedrela chinensis,Toona sinensis,FRONDOSA
CAT,Cedro del Atlas,Cedrus atlantica,CONIFERA
CBR,Cedro de Chipre,Cedrus libani var. brevifolia,CONIFERA
CEZ,Cedros,Cedrus sp,CONIFERA
CSS,Crásula,Crassula sarcocaulis,CACTACEA/SUCULENTA
CLX,Almez,Celtis sp,FRONDOSA
CCE,Centaurea,Centaurea cineraria,HERB_PERENNES
CEM,Centaurea globosa,Centaurea macrocephala,HERB_PERENNES
SCO,Cólquida,Staphylea colchica,ARBUSTO
CESP,Cefalotejo,Cephalotaxus sp,CONIFERA
CRZ,Canastilla de plata,Cerastium sp,HERB_PERENNES
CSY,Ciclamor de Canadá,Cercis canadensis 'Forest Pansy',FRONDOSA
CPU,Cactus del ordenador,Cereus repandus,CACTACEA/SUCULENTA
CUZ,Cactus,Cereus sp,CACTACEA/SUCULENTA
CEL,Galán rojo,Cestrum elegans,SUBTROPICAL/TROPICAL
CNO,Dama de noche,Cestrum nocturnum,SUBTROPICAL/TROPICAL
CJP,Membrillo japonés,Chaenomeles japonica,ARBUSTO
CHPE,Membrillo de flor,Chaenomeles speciosa,ARBUSTO
CHN,Ciprés de Nootka,Chamaecyparis nootkatensis,CONIFERA
CHP,Ciprés de Sawara,Chamaecyparis pisifera,CONIFERA
CHX,Falso ciprés,Chamaecyparis sp,CONIFERA
CHT,Falso ciprés blanco,Chamaecyparis thyoides,CONIFERA
CHG,Chamadorea,Chamaedorea elegans,SUBTROPICAL/TROPICAL
CHS,Palmera bambú,Chamaedorea seifrizii,SUBTROPICAL/TROPICAL
CHSP,Chamadorea,Chamaedorea sp,SUBTROPICAL/TROPICAL
CHC,Palmito azul,Chamaerops humilis 'Glauca',PALMACEA
CHD,Carquesa,Chamaespartium tridentatum,HERB_PERENNES
RBV,Rosa Blanca de Vibert,Rosa 'Blanc de Vibert',ARBUSTO
CHES,Cheiranthus Alhelí amarillo/Cheiranthus × cheiri,Erysimum x cheiri,HERB_PERENNES
PPS,Sanguina,Prunus prostrata,FRONDOSA
CPR,Calicanto del Japón,Chimonanthus praecox,ARBUSTO
CSK,Chitalpa,x Chitalpa tashkentensis,FRONDOSA
CET,Cinta/Chlorophytum elatum,Chlorophytum capense,HERB_PERENNES
CTT,Naranjo mexicano,Choisya ternata,FRONDOSA
CHZ,Chorisia/Chorisia sp,Ceiba sp,FRONDOSA
CEC,Palo borracho/Chorisia speciosa,Ceiba speciosa,FRONDOSA
CYC,Palma cabada/Chrysalidocarpus cabadae,Dypsis cabadae,SUBTROPICAL/TROPICAL
CYZ,Crisantemos,Chrysanthemum sp,HERB_ANUAL
CIZ,Ciclamen,Cyclamen sp,HERB_PERENNES
CIM,Cineraria gris/Cenicera marítima,Jacobaea maritima,HERB_PERENNES
CCP,Alcanforero,Cinnamomum camphora,FRONDOSA
CAI,Jara blanca,Cistus albidus,ARBUSTO
CLN,Jara pringosa,Cistus ladanifer,ARBUSTO
CILA,Jara de hoja de laurel,Cistus laurifolius,ARBUSTO
CPO,Jara cerval,Cistus populifolius,ARBUSTO
CIS,Jara de hoja de salvia,Cistus salviifolius,ARBUSTO
CIX,Jara,Cistus sp,ARBUSTO
CLM,Citrón/Citrus limetta,Citrus medica,FRONDOSA
CMY,Naranjo de la china/Citrus myrtifolia,Citrus x aurantium var. myrtifolia,FRONDOSA
CIP,Pomelo,Citrus paradisi,FRONDOSA
CRT,Mandarino,Citrus reticulata,FRONDOSA
CSN,Naranjo dulce,Citrus sinensis,FRONDOSA
CISP,Cítricos,Citrus sp,FRONDOSA
CLMO,Clemátide montana,Clematis montana,TAPIZANTE/TREPADORA
CLZ,Clemátides,Clematis sp,TAPIZANTE/TREPADORA
CLEZ,Pata de vaca,Cleome sp,HERB_PERENNES
CLBU,Clerodendro chino,Clerodendrum bungei,SUBTROPICAL/TROPICAL
CLTR,Clerodendro japonés,Clerodendrum trichotomum,SUBTROPICAL/TROPICAL
CNB,Clivia,Clivia nobilis,HERB_PERENNES
CLP,Cinta,Chlorophytum sp,HERB_PERENNES
CCL,Cóculo,Cocculus laurifolius,ARBUSTO
SCIG,Espirea,Spiraea x cinerea 'Grefsheim',ARBUSTO
COD,Crotón,Codiaeum variegatum,HERB_PERENNES
COP,"Cóleo, Cretona",Coleus sp,HERB_PERENNES
CTB,Espantalobos,Colutea arborescens,ARBUSTO
POPD,Fisocarpo 'Diable D'or',"Physocarpus opulifolius ""Diable D´or""",HERB_PERENNES
CAN,Correhuela,Convolvulus arvensis,TAPIZANTE/TREPADORA
CVN,Campanilla plateada,Convolvulus cneorum,HERB_PERENNES
CBA,Coprosma,Coprosma baueri,ARBUSTO
CRP,Coprosma,Coprosma repens,ARBUSTO
COA,Drácena,Cordyline australis,SUBTROPICAL/TROPICAL
SOA,Mostajo,Sorbus aria,FRONDOSA
CDZ,Drácenas,Cordyline sp,SUBTROPICAL/TROPICAL
CSR,Drácena,Cordyline stricta,SUBTROPICAL/TROPICAL
COTE,Drácena Kiwi (roja)/Cordyline terminalis,Cordyline fruticosa,SUBTROPICAL/TROPICAL
CMR,Emborrachacabras,Coriaria myrtifolia,ARBUSTO
CCN,Cornejo de mesa,Cornus controversa,ARBUSTO
CMA,Cornejo macho,Cornus mas,ARBUSTO
COZ,Cornejo,Cornus sp,ARBUSTO
CST,Conrnejo amarillo/Cornus stolonifera,Cornus sericea,ARBUSTO
CNX,Coronilla,Coronilla sp,HERB_PERENNES
CRR,Correa speciosa,Correa reflexa,ARBUSTO
CAG,Plumero,Cortaderia argentea,HERB_PERENNES
COS,Plumero de las Pampas,Cortaderia selloana,HERB_PERENNES
CRX,Plumeros,Cortaderia sp,HERB_PERENNES
CYX,Avellanos,Corylus sp,ARBUSTO
COC,Árbol de las pelucas,Cotinus coggygria,ARBUSTO
CHR,Cotoneaster de Henry,Cotoneaster henryanus,ARBUSTO
CMI,Cotoneaster de hoja pequeña,Cotoneaster microphyllus,ARBUSTO
CPA,Cotoneaster achaparrado,Cotoneaster praecox,ARBUSTO
CTO,Cotoneaster tomentosus,Cotoneaster nebrodensis,ARBUSTO
CXS,Cotoneaster dammeri 'Coral Beauty',Cotoneaster x suecicus 'Coral Beauty',ARBUSTO
CRB,Crásula,Crassula arborescens,CACTACEA/SUCULENTA
NOLP,Adelfa 'Petite salmon',Nerium oleander 'Petite Salmon',ARBUSTO
CCG,Espino espolón de gallo,Crataegus crus-galli,ARBUSTO
CLVC,"Espino híbrido, cultivar 'Carrieri'",Crataegus x lavallei 'Carrieri',ARBUSTO
COY,Espino blanco/Crataegus oxiacantha,Crataegus ripidophylla,ARBUSTO
CPY,Espino de fuego,Crataegus pyracantha,ARBUSTO
CTX,Crataegus,Crataegus sp,ARBUSTO
CCS,Crocosmia,Crocosmia x crocosmiiflora,HERB_PERENNES
CRJ,Cedro japonés,Cryptomeria japonica,CONIFERA
CUC,Calabacín,Cucurbita pepo,HERB_ANUAL
CUMI,Cufea,Cuphea micropetala,SUBTROPICAL/TROPICAL
CUL,Ciprés de Monterrey,Cupressus lambertiana,CONIFERA
CLU,Ciprés de Portugal,Cupressus lusitanica,CONIFERA
CRE,Cica,Cycas revoluta,PALMACEA
CYS,Alcachofa,Cynara scolymus,HERB_PERENNES
CYDA,Grama común,Cynodon dactylon,HERB_PERENNES
CAL,Paragüitas,Cyperus alternifolius,HERB_PERENNES
CLO,Juncia,Cyperus longus,HERB_PERENNES
CYT,Codeso andaluz,Cytisus baeticus,ARBUSTO
CSC,Escobón,Cytisus scoparius,ARBUSTO
CYPR,"Retama canaria, retama de colores ( purgans x multiflorus)",Cytisus x praecox,ARBUSTO
DAX,Dalias,Dahlia sp,HERB_PERENNES
DABU,Daphne híbrido,Daphne x burkwoodii,ARBUSTO
DGN,Torvisco,Daphne gnidium,ARBUSTO
DOD,Dafne de invierno,Daphne odora,ARBUSTO
DAZ,Torvisco,Daphne sp,ARBUSTO
DAR,Datura arborea Floripondio/Datura arborea,Brugmansia arborea,ARBUSTO
DACA,Trompetero,Datura x candida,HERB_PERENNES
DASP,Estramonio,Datura sp,HERB_PERENNES
DIV,Árbol de los pañuelos,Davidia involucrata,FRONDOSA
DRE,Flamboyán,Delonix regia,FRONDOSA
DGL,Deucia,Deutzia glabrata,ARBUSTO
DGR,Deucia grácil,Deutzia gracilis,ARBUSTO
CALS,"Cornus alba 'Westonbirt' ; Cornus alba 'Koralle', cornejo",Cornus alba 'Sibirica',ARBUSTO
DSC,Deucia,Deutzia scabra,ARBUSTO
DEX,Deucia,Deutzia sp,ARBUSTO
DICH,Clavelina,Dianthus chinensis,HERB_PERENNES
DISP,Clavel,Dianthus sp,HERB_PERENNES
DSP,Flores en el corazón/Dicentra spectabilis,Lamprocapnos spectabilis,HERB_PERENNES
DAN,Helecho arbóreo/Dicksonia antartica,Balantium antarcticum,HERB_PERENNES
DAL,Palmera princesa,Dictyosperma album,SUBTROPICAL/TROPICAL
DIP,Dedalera,Digitalis purpurea,HERB_PERENNES
DKA,Caqui,Diospyros kaki,FRONDOSA
DIX,Caqui,Diospyros sp,FRONDOSA
DCA,Dombella,Dombeya x cayeuxii,ARBUSTO
DHI,Hierba del pastor,Dorycnium hirsutum,HERB_PERENNES
DPE,Escobón,Dorycnium pentaphyllum,HERB_PERENNES
SSM,Tomate enano,Solanum pseudocapsicum,ARBUSTO
DMR,Drácena,Dracaena marginata,SUBTROPICAL/TROPICAL
DRX,Drácenas,Dracaena sp,SUBTROPICAL/TROPICAL
DRZ,Helecho de madera,Dryopteris sp,HERB_PERENNES
DUI,Fresa de la India,Duchesnea indica,HERB_PERENNES
DUR,Duranta,Duranta repens,ARBUSTO
DMD,Palma de Madagascar,Dypsis madagascariensis,SUBTROPICAL/TROPICAL
EQI,Equinácea,Echinacea sp,HERB_PERENNES
ECX,Cactus erizo,Echinocactus sp,CACTACEA/SUCULENTA
ELX,Eleagnos,Elaeagnus sp,ARBUSTO
EEB,Eleagno híbrido,Elaeagnus x ebbingei,ARBUSTO
ELG,Palmera del aceite,Elaeis guineensis,PALMACEA
SSI,Sedum,Sedum sielboldii,CACTACEA/SUCULENTA
ELA,Encefalarto,Encephalartos laurentianus,HERB_PERENNES
EVN,Platanera de Abisinia,Ensete ventricosum,SUBTROPICAL/TROPICAL
EPX,Efedra,Ephedra sp,HERB_PERENNES
EPI,Poto variegado,Epipremnum aureum 'Variegata',SUBTROPICAL/TROPICAL
ECU,Amor seco llorón,Eragrostis curvula,HERB_PERENNES
ECN,Brezo,Erica carnea,ARBUSTO
ERX,Brezo,Erica sp,ARBUSTO
ECR,Pico de gallo,Erythrina crista-galli,SUBTROPICAL/TROPICAL
ERU,Escalonia,Escallonia rubra,ARBUSTO
EGU,Eucalipto decorativo,Eucalyptus gunnii,FRONDOSA
EUX,Eucalipto,Eucalyptus sp,FRONDOSA
EMY,Eugenia miyrtifolia,Eugenia uniflora,ARBUSTO
EUAL,Bonetero alado,Euonymus alatus,ARBUSTO
EVE,Evónimo de hoja caduca,Euonymus verrucosus,ARBUSTO
EUCA,Tártago mayor,Euphorbia characias,HERB_PERENNES
EQU,Euforbia cuadrangular,Euphorbia quadrangularis,HERB_PERENNES
EPL,Flor de Pascua,Euphorbia pulcherrima,HERB_PERENNES
ESP,Espina de Cristo,Euphorbia milii var. splendens,HERB_PERENNES
ETI,Árbol de los dedos,Euphorbia tirucalli,HERB_PERENNES
EXMA,Exochorda,Exochorda x macrantha,ARBUSTO
FJA,Aralia de Japón,Fatsia japonica,HERB_PERENNES
FES,Feijoa sellowiana,Acca sellowiana,FRONDOSA
FAE,Margarita azul,Felicia amelloides,HERB_PERENNES
FEAR,Festuca alta,Festuca arundinacea,HERB_PERENNES
FEG,Festuca azul,Festuca glauca,HERB_PERENNES
FEOV,Cañuela de oveja,Festuca ovina,HERB_PERENNES
FERU,Festuca roja,Festuca rubra,HERB_PERENNES
FESP,Festucas,Festuca sp,HERB_PERENNES
FAT,Falso banyan,Ficus altissima,FRONDOSA
FAS,Higuera abigarrada,Ficus aspera,FRONDOSA
FIB,Benjamina,Ficus benjamina,SUBTROPICAL/TROPICAL
FIE,Árbol del caucho,Ficus elastica,SUBTROPICAL/TROPICAL
FIN,Higuera de Mysore/Ficus indica,Ficus drupacea,FRONDOSA
FLU,Higuera de Voguel,Ficus lutea,SUBTROPICAL/TROPICAL
FLY,Ficus lira,Ficus lyrata,SUBTROPICAL/TROPICAL
FMA,Ficus australiano,Ficus macrophylla,SUBTROPICAL/TROPICAL
FIR,Ficus de indias,Ficus retusa,SUBTROPICAL/TROPICAL
FIX,Ficus,Ficus sp,SUBTROPICAL/TROPICAL
FIL,Reina de los prados,Filipendula sp,HERB_PERENNES
PEAL,Hierba de fuente,Pennisetum alopecuroides,HERB_PERENNES
FEU,Forsitia,Forsythia europaea,ARBUSTO
FOX,Forsitias,Forsythia sp,ARBUSTO
FSU,Forsitia,Forsythia suspensa,ARBUSTO
FOV,Forsitia dorada,Forsythia viridissima,ARBUSTO
FRZ,"Fresa, Fresón",Fragaria sp,TAPIZANTE/TREPADORA
CYM,,Cytisus multiflorus,ARBUSTO
FAL,Arraclán,Frangula alnus,FRONDOSA
FOD,Fresno de hoja estrecha,Fraxinus angustifolia 'Raywood',FRONDOSA
FEA,Fresno común dorado,Fraxinus excelsior 'Jaspidea',FRONDOSA
FLA,Fresno de Oregón,Fraxinus latifolia,FRONDOSA
FPE,Fresno rojo,Fraxinus pennsylvanica,FRONDOSA
FUX,Fucsias,Fuchsia sp,HERB_PERENNES
FHY,Fucsia,Fuchsia x hybrida,HERB_PERENNES
FSE,Fúrcrea,Furcraea selloa,CACTACEA/SUCULENTA
GAJ,Gardenia,Gardenia jasminoides,ARBUSTO
GAS,Gardenia,Gardenia sp,ARBUSTO
GAPR,Gaulteria,Gaultheria procumbens,ARBUSTO
GASH,Gaulteria,Gaultheria shallon,ARBUSTO
SPO,Molle,Schinus polygama,ARBUSTO
PDUG,,Prunus dulcis 'Guara',FRONDOSA
GAZ,Gazanias,Gazania sp,HERB_PERENNES
GCI,Hiniesta,Genista cinerea,ARBUSTO
MADF,,Malus domestica 'Fuji',FRONDOSA
GFL,Retama,Genista florida,ARBUSTO
GHI,Aulaga,Genista hirsuta,ARBUSTO
GES,Retama negra,Genista scoparia,ARBUSTO
GSC,Aulaga,Genista scorpius,ARBUSTO
GEX,Genistas,Genista sp,ARBUSTO
GUM,Bolina,Genista umbellata,ARBUSTO
GEZ,Geranios,Geranium sp,HERB_PERENNES
GEU,Geum,Geum sp,HERB_PERENNES
GIS,Acacia de tres espinas inerme,Gleditsia triacanthos 'Inermis',FRONDOSA
GST,Acacia de tres espinas 'Sunburst',Gleditsia triacanthos 'Sunburst',FRONDOSA
GAL,Coronilla de fraile,Globularia alypum,HERB_PERENNES
GRJU,Grevillea,Grevillea juniperina,SUBTROPICAL/TROPICAL
GRO,Roble australiano,Grevillea robusta,SUBTROPICAL/TROPICAL
GRM,Grevillea arbustiva,Grevillea rosmarinifolia,SUBTROPICAL/TROPICAL
GRX,Grevillea,Grevillea sp,SUBTROPICAL/TROPICAL
GDI,Cafetero de Kentucky,Gymnocladus dioica,FRONDOSA
HAX,Jarilla,Halimium sp,HERB_PERENNES
HMO,Hamamelis,Hamamelis mollis,ARBUSTO
HEAL,Hebe,Hebe albicans,ARBUSTO
HSP,Hebe; Veronica;,Hebe speciosa,ARBUSTO
HETR,Verónica traversi,Hebe traversii,ARBUSTO
HDC,Hiedra canaria,Hedera canariensis,TAPIZANTE/TREPADORA
HED,Jengibre,Hedychium sp,HERB_PERENNES
HEX,Girasol,Helianthus sp,HERB_ANUAL
HSE,Avena azul,Helictotrichon sempervirens,HERB_PERENNES
HLZ,Rosa de Navidad,Helleborus sp,HERB_PERENNES
HEZ,Lirio de San Juan,Hemerocallis sp,HERB_PERENNES
HMS,Hibisco; malva rosa del pantano,Hibiscus moscheutos,ARBUSTO
HMU,Rosa de Mayo,Hibiscus mutabilis,ARBUSTO
HRH,Espino amarillo/Hippophae rhamnoides,Elaeagnus rhamnoides,ARBUSTO
HOS,Hosta,Hosta sp,HERB_PERENNES
HOB,Kentia,Howea belmoreana,SUBTROPICAL/TROPICAL
HOF,Palma del paraíso,Howea forsteriana,SUBTROPICAL/TROPICAL
HLU,Lúpulo,Humulus lupulus,TAPIZANTE/TREPADORA
HYOR,Jacinto,Hyacinthus orientalis,HERB_ANUAL
HMA,Hortensia,Hydrangea macrophylla,ARBUSTO
HPA,Hortensia de hoja de roble,Hydrangea paniculata,ARBUSTO
HIX,Hortensia,Hydrangea sp,ARBUSTO
HYAN,Androsemo,Hypericum androsaemum,HERB_PERENNES
HCA,Hierba de San Juan,Hypericum calycinum,HERB_PERENNES
HCN,Granadillo,Hypericum canariense,HERB_PERENNES
HDE,Hipérico,Hypericum densiflorum,HERB_PERENNES
HGR,Malfurada,Hypericum gradiflorum,HERB_PERENNES
IBSE,Carraspique,Iberis semperflorens,HERB_PERENNES
ISP,Carraspique,Iberis sempervirens,HERB_PERENNES
ICO,Acebo chino,Ilex cornuta,ARBUSTO
ICR,Acebo japonés,Ilex crenata,ARBUSTO
IOP,Acebo americano,Ilex opaca,ARBUSTO
ILSP,Acebo,Ilex sp,ARBUSTO
IMSP,Alegrías,Impatiens sp,HERB_ANUAL
ICY,Churur,Iochroma cyaneum,ARBUSTO
IGE,Lirio azul,Iris germanica,HERB_PERENNES
JAM,Jacarandá,Jacaranda mimosifolia,SUBTROPICAL/TROPICAL
JAZ,Jacarandá,Jacaranda sp,SUBTROPICAL/TROPICAL
JCX,Jacobinas,Jacobinia sp,ARBUSTO
SAR,Cheflera,Schefflera arboricola,SUBTROPICAL/TROPICAL
JFR,Jazmín silvestre,Jasminum fruticans,ARBUSTO
JHU,Jazmín italiano,Jasminum humile,ARBUSTO
JAME,Jazmín amarillo,Jasminum mesnyi,TAPIZANTE/TREPADORA
JAOF,Jazmín,Jasminum officinalae,TAPIZANTE/TREPADORA
JSP,Palmera de Chile,Jubaea chilensis,SUBTROPICAL/TROPICAL
JAC,Junco espinoso,Juncus acutus,HERB_PERENNES
JUS,Junco,Juncus sp,HERB_PERENNES
JCH,Junípero,Juniperus chinensis,CONIFERA
JOX,Enebro de la miera,Juniperus oxycedrus,CONIFERA
JPH,Sabina negral,Juniperus phoenicea,CONIFERA
JSA,Sabina rastrera,Juniperus sabina,CONIFERA
JSC,Enebro de las montañas rocosas,Juniperus scopulorum,CONIFERA
PRDC,,Prunus dulcis 'Clavelina',FRONDOSA
JVI,Sabina de Virginia,Juniperus virginiana,CONIFERA
JME,Enebro de Pfitzer,Juniperus x pfitzeriana,CONIFERA
JMEO,Enebro de Pfitzer 'Old Gold',Juniperus x pfitzeriana 'Old Gold',CONIFERA
SNIM,Saúco,Sambucus nigra 'Marginata',ARBUSTO
KJA,Kerria,Kerria japonica,ARBUSTO
KOU,Tritoma uvaria,Kniphofia uvaria,HERB_PERENNES
KTA,Árbol de los farolitos 'Fastigiata',Koelreuteria paniculata 'Fastigiata',FRONDOSA
KAM,Kolkwitzia,Kolkwitzia amabilis,ARBUSTO
LAL,Codeso de los Alpes,Laburnum alpinum,ARBUSTO
LAN,Lluvia de oro,Laburnum anagyroides,ARBUSTO
LSP,Astromelia,Lagerstroemia speciosa,FRONDOSA
LAP,Lagunaria,Lagunaria patersonia,FRONDOSA
LGA,Ortiga muerta amarilla,Lamium galeobdolon,HERB_PERENNES
LMM,Ortiga fétida,Lamium maculatum,HERB_PERENNES
LPP,Mesen rosado,Lampranthus sp,CACTACEA/SUCULENTA
LCA,Lantana,Lantana camara,ARBUSTO
LSE,Lantana rastrera,Lantana sellowiana,ARBUSTO
LDE,Alerce europeo,Larix decidua,CONIFERA
LLA,Alerce,Larix laricina,CONIFERA
LAO,Alerce,Larix occidentalis,CONIFERA
LAG,Lavanda,Lavandula angustifolia,ARBUSTO
LDT,Cantueso rizado,Lavandula dentata,ARBUSTO
LLN,Alhucema,Lavandula lanata,ARBUSTO
LAX,Lavandas,Lavandula sp,ARBUSTO
LLE,Oreja de león,Leonotis leonurus,HERB_PERENNES
LET,Lespedeza oriental,Lespedeza thunbergii,HERB_PERENNES
LEU,Leucote,Leucothoe sp,ARBUSTO
LTM,Ligustrina variegada,Ligustrum ovalifolium 'Variegatum',ARBUSTO
LSI,Aligustre,Ligustrum sinense,ARBUSTO
LIG,Aligustre de Texas,Ligustrum japonicum 'Texanum',ARBUSTO
LIZ,Azucena,Lilium sp,HERB_PERENNES
LCI,Lichi,Litchi chinensis,FRONDOSA
LAU,Livistona australiana,Livistona australis,PALMACEA
LCH,Livistona de China,Livistona chinensis,PALMACEA
LOER,Lobelia,Lobelia erinus,HERB_PERENNES
LOZ,Lobelias,Lobelia sp,HERB_PERENNES
LOPE,Raygrass perenne,Lolium perenne,HERB_PERENNES
LOC,Madreselva,Lonicera caprifolium,TAPIZANTE/TREPADORA
LJN,Madreselva de Japón,Lonicera japonica,TAPIZANTE/TREPADORA
LNI,Lonicera nitida,Lonicera nitida,TAPIZANTE/TREPADORA
LPE,Madreselva de los bosques,Lonicera periclymenum,TAPIZANTE/TREPADORA
LOP,Brillantina,Lonicera ligustrina 'Pileata',ARBUSTO
LOX,Madreselva,Lonicera sp,TAPIZANTE/TREPADORA
LXY,Madreselva pilosa,Lonicera xylosteum,TAPIZANTE/TREPADORA
LUN,Junco de flor blanca,Luzula nivea,HERB_PERENNES
MTE,Nuez australiana,Macadamia ternifolia,SUBTROPICAL/TROPICAL
MKO,Magnolio kobus,Magnolia kobus,FRONDOSA
MLI,Magnolia púrpura,Magnolia liliiflora,FRONDOSA
MST,Magnolia estrellada,Magnolia stellata,FRONDOSA
MTR,Magnolia sombrilla,Magnolia tripetala,FRONDOSA
MSO,Magnolio chino,Magnolia x soulangeana,FRONDOSA
MBE,Mahonia,Mahonia bealei,ARBUSTO
MJP,Mahonia,Mahonia japonica,ARBUSTO
MLO,Mahonia,Mahonia lomariifolia,ARBUSTO
MHZ,Uva de Oregón,Mahonia sp,ARBUSTO
MET,Manzano 'Golden Hornet',Malus 'Golden Hornet',FRONDOSA
MPU,Manzano rojo,Malus x purpurea,FRONDOSA
MAZ,Malvas,Malva sp,HERB_PERENNES
SVI,Mimbre,Salix viminalis,ARBUSTO
MASU,Dipladenia,Mandevilla laxa,TAPIZANTE/TREPADORA
MLA,Palmera botella,Mascarena lagenicaulis,SUBTROPICAL/TROPICAL
MVE,Palmera botella,Mascarena verschaffieltii,SUBTROPICAL/TROPICAL
MTX,Manzanilla,Matricaria sp,HERB_PERENNES
MIN,Alhelí encarnado,Matthiola incana,HERB_PERENNES
MED,Alfalfa,Medicago sp,HERB_PERENNES
MES,Alfalfa leñosa,Medicago strasseri,HERB_PERENNES
MAM,Melaleuca,Melaleuca armillaris,ARBUSTO
MEM,Melaleuca,Melaleuca ericifolia,ARBUSTO
MEZ,Melisa,Melissa sp,HERB_PERENNES
MPI,Menta piperita,Mentha x piperita,HERB_PERENNES
MSP,Hierbabuena,Mentha spicata,HERB_PERENNES
MEP,Margarita de Livisgstone,Mesembryanthemum sp,CACTACEA/SUCULENTA
MGL,Secuoya de hojas caedizas,Metasequoia glyptostroboides,CONIFERA
MTO,Árbol de hierro/Metrosideros tomentosa,Metrosideros excelsa,FRONDOSA
MJA,Dondiego de noche,Mirabilis jalapa,HERB_PERENNES
MIS,Miscantus,Miscanthus sinensis,HERB_PERENNES
MADS,,Malus domestica 'Starking',FRONDOSA
MBI,Montanoa,Montanoa bipinnatifida,HERB_PERENNES
MSS,Morera blanca 'Fruitless',Morus alba 'Fruitless',FRONDOSA
MPL,Planta ciempiés,Muehlenbeckia platyclados,HERB_PERENNES
MJO,Platanero japonés,Musa basjoo,SUBTROPICAL/TROPICAL
MUX,Bananos,Musa sp,SUBTROPICAL/TROPICAL
MLE,Mioporo,Myoporum laetum,ARBUSTO
MYC,Mirto,Myrtus communis,ARBUSTO
MLU,Luma/Myrtus luma,Amomyrtus luma,FRONDOSA
NDO,Nandina,Nandina domestica,HERB_PERENNES
NASP,Narcisos,Narcissus sp,HERB_ANUAL
NTE,Nasela,Nassella tenuissima,HERB_PERENNES
NDA,Palmera triangular/Neodypsis decaryi,Dypsis decaryi,SUBTROPICAL/TROPICAL
NGL,Árbol del tabaco,Nicotiana glauca,HERB_PERENNES
NID,Amor en la niebla,Nigella damascena,HERB_PERENNES
NME,Haya plateada,Nothofagus menziesii,FRONDOSA
NPR,Raulí/Nothofagus procera,Nothofagus alpina,FRONDOSA
NLU,Nenúfar amarillo,Nuphar lutea,HERB_PERENNES
NAL,Nenúfar blanco,Nymphaea alba,HERB_PERENNES
NSY,Tupelo,Nyssa sylvatica,FRONDOSA
OCB,Albahaca,Ocimum basilicum,HERB_PERENNES
OPH,Barba de serpiente,Ophiopogon planiscapus,HERB_PERENNES
OFI,Chumbera,Opuntia ficus-indica,CACTACEA/SUCULENTA
ORO,Nopal,Opuntia robusta,CACTACEA/SUCULENTA
OCP,Caballera de palo,Oreopanax capitatus,SUBTROPICAL/TROPICAL
ORX,Orégano,Origanum sp,HERB_PERENNES
OFR,Olivo oloroso,Osmanthus fragrans,ARBUSTO
OHE,Falso acebo,Osmanthus heterophyllus,ARBUSTO
OSX,Acebo chino,Osmanthus sp,ARBUSTO
ORE,Helecho real,Osmunda regalis,HERB_PERENNES
OSD,Dimorfoteca,Osteospermum sp,HERB_PERENNES
OAL,Retama blanca,Osyris alba,ARBUSTO
PATE,Diamante,Pachysandra terminalis,TAPIZANTE/TREPADORA
PSX,Peonías,Paeonia sp,HERB_PERENNES
PSU,Peonía,Paeonia x suffruticosa,HERB_PERENNES
PTU,Pandano,Pandanus utilis,SUBTROPICAL/TROPICAL
PVG,Pasto varilla,Panicum virgatum,HERB_PERENNES
PPZ,Amapola,Papaver sp,HERB_PERENNES
PAC,Espino de Jerusalén,Parkinsonia aculeata,FRONDOSA
PAHE,Parra virgen,Parthenocissus henryana,TAPIZANTE/TREPADORA
PAQ,Parra virgen,Parthenocissus quinquefolia,TAPIZANTE/TREPADORA
PAX,Parra virgen,Parthenocissus sp,TAPIZANTE/TREPADORA
PTI,Parra virgen,Parthenocissus tricuspidata,TAPIZANTE/TREPADORA
PEI,Paulonia de fortune,Paulownia fortunei,FRONDOSA
PPL,Gitanilla,Pelargonium peltatum,HERB_PERENNES
PGZ,Geranio limón,Pelargonium sp,HERB_PERENNES
PZO,Geranio,Pelargonium zonale,HERB_PERENNES
PECL,Kikuyo,Pennisetum clandestinum,HERB_PERENNES
PEV,Cola de zorro,Pennisetum villosum,HERB_PERENNES
PEMU,Pernetia,Pernettya mucronata,ARBUSTO
PEK,Salvia rusa ,Perovskia atriplicifolia,HERB_PERENNES
PAM,Aguacatero,Persea americana,FRONDOSA
PFA,Sombrerera,Petasites fragrans,HERB_PERENNES
PEG,Petunia,Petunia 'Grandiflora',HERB_ANUAL
PMI,Petunia híbrida,Petunia 'Milliflora',HERB_ANUAL
ROWC,"Rosal 'Wettra, Climber'","Rosa 'Wettra, Climber'",TAPIZANTE/TREPADORA
PLR,Alpiste,Phalaris sp,HERB_PERENNES
PHPR,Hierba timotea,Phleum pratense,HERB_PERENNES
PGA,Flor de ángel,Philadelphus grandiflorus,ARBUSTO
PHPU,Celinda,Philadelphus pubescens,ARBUSTO
PHZ,Celindas,Philadelphus sp,ARBUSTO
PAN,Labiérnago,Phillyrea angustifolia,ARBUSTO
PLT,Labiérnago negro,Phillyrea latifolia,ARBUSTO
THZY,Tomillo salsero,Thymus zygis,HERB_PERENNES
PFU,Flomis,Phlomis fruticosa,HERB_PERENNES
PHW,Flox,Phlox sp,HERB_PERENNES
PHR,Palmera de Senagal,Phoenix reclinata,PALMACEA
PHB,Palmera enana,Phoenix roebelenii,PALMACEA
PHP,Palma de las rocas,Phoenix rupicola,PALMACEA
ROTO,Rosal 'Tocade',Rosa 'Tocade',ARBUSTO
PHV,Datilera silvestre,Phoenix sylvestris,PALMACEA
PHTE,Formio,Phormium tenax,HERB_PERENNES
PHO,Formio,Phormium sp,HERB_PERENNES
PHG,Carrizo,Phragmites sp,HERB_PERENNES
PAR,Peral de flor 'Chanticleer',Pyrus calleryana 'Chanticleer',FRONDOSA
PHFL,Caña de bambú,Phyllostachys flexuosa,HERB_PERENNES
PNG,Bambú negro,Phyllostachys nigra,HERB_PERENNES
PVI,Bambú,Phyllostachys viridiglaucescens,HERB_PERENNES
PBR,Picea llorona de Brewer,Picea breweriana,CONIFERA
PMA,Picea negra,Picea mariana,CONIFERA
POM,Picea de Serbia,Picea omorika,CONIFERA
PIO,Picea oriental,Picea orientalis,CONIFERA
PRU,Picea roja,Picea rubens,CONIFERA
PSI,Picea de Sitka,Picea sitchensis,CONIFERA
PIZ,Picea,Picea sp,CONIFERA
PQU,Picrasma,Picrasma quassioides,HERB_PERENNES
PBA,Pino de Banks,Pinus banksiana,CONIFERA
PBU,Pino de Calabria,Pinus brutia,CONIFERA
PCN,Pino contorta,Pinus contorta,CONIFERA
PID,Pino rojo japonés,Pinus densiflora,CONIFERA
PHA,Pino carrasco,Pinus halepensis,CONIFERA
PIL,Pino de azúcar,Pinus lambertiana,CONIFERA
PILE,Pino loricato/Pinus leucodermis,Pinus heldreichii,CONIFERA
PMU,Pino enano,Pinus mugo,CONIFERA
PPA,Pino blanco japonés,Pinus parviflora,CONIFERA
PPO,Pino ponderosa,Pinus ponderosa,CONIFERA
PIR,Pino de Monterrey,Pinus radiata,CONIFERA
PST,Pino blanco,Pinus strobus,CONIFERA
PSY,Pino albar,Pinus sylvestris,CONIFERA
PIW,Pino llorón,Pinus wallichiana,CONIFERA
PAT,Almácigo,Pistacia atlantica,ARBUSTO
PTE,Cornicabra,Pistacia terebinthus,ARBUSTO
PTV,Pitosporo,Pittosporum tenuifolium,ARBUSTO
PEAH,Hierba de fuente 'Hameln',Pennisetum alopecuroides 'Hameln',HERB_PERENNES
PEKB,Salvia rusa 'Blue spire',"Perovskia ""Blue Spire""",HERB_PERENNES
POD,Plátano americano,Platanus occidentalis,FRONDOSA
PDA,Plátano de sombra/Platanus x hybrida,Platanus x hispanica,FRONDOSA
PLOR,"Arbol de la vida, thuya orientalis",Platycladus orientalis,CONIFERA
PLS,Planta del dinero/Plectranthus australis,Plectranthus parviflorus,SUBTROPICAL/TROPICAL
PAU,Celestina,Plumbago auriculata,HERB_PERENNES
PLX,Plumbago,Plumbago sp,HERB_PERENNES
PONE,Poa del bosque,Poa nemoralis,HERB_PERENNES
POPE,Poa perenne,Poa perennis,HERB_PERENNES
PNE,Podocarpo de hojas de adelfa,Podocarpus neriifolius,CONIFERA
PRO,Bignonia rosa,Podranea ricasoliana,TAPIZANTE/TREPADORA
POT,"Nardo, Vara de San José",Polianthes tuberosa,HERB_PERENNES
PAI,Correquetepillo/Polygonum aubertii,Fallopia aubertii,TAPIZANTE/TREPADORA
PCR,Chopo o álamo de Carolina,Populus caroliniana,FRONDOSA
PDE,Chopo americano,Populus deltoides,FRONDOSA
PSZ,Álamo de Sechuan,Populus szechuanica,FRONDOSA
PFT,Potentilla/Potentilla fruticosa,Dasiphora fruticosa,HERB_PERENNES
PVE,Potentilla/Potentilla verna,Potentilla grandiflora,HERB_PERENNES
PRVU,Prímula,Primula vulgaris,HERB_ANUAL
PCX,Palmera de Fiji,Pritchardia sp,PALMACEA
PLL,Consuelda,Prunella sp,HERB_PERENNES
PCL,Cerezo de flor,Prunus 'Accolade',FRONDOSA
PCS,Guindo,Prunus cerasus,FRONDOSA
PRD,Ciruelo,Prunus domestica,FRONDOSA
PDU,Almendro,Prunus dulcis,FRONDOSA
PFR,Cerezo enano,Prunus fruticosa,FRONDOSA
ROSA,Rosal 'Satina',Rosa 'Satina',ARBUSTO
PRB,Cerezo de racimos 'Red Ball',Prunus padus 'Red Ball',FRONDOSA
RORF,Rosal 'Révolution Française',Rosa 'Révolution Française',ARBUSTO
PSA,Cerezo japonés de Sargent,Prunus sargentii,FRONDOSA
PSK,Cerezo japonés 'Kanzan',Prunus serrulata 'Kanzan',FRONDOSA
PSP,Endrino,Prunus spinosa,FRONDOSA
PBH,Cerezo otoñal,Prunus subhirtella 'Autumnalis',FRONDOSA
PPN,Cerezo cascada,Prunus subhirtella pendula,FRONDOSA
PTL,Ciruelo de flor,Prunus triloba,FRONDOSA
PVR,Cerezo de Virginia,Prunus virginiana,FRONDOSA
PME,Pino de Oregón,Pseudotsuga menziesii,CONIFERA
PSS,Palma de Guinea,Pseudophoenix sargentii,PALMACEA
THMA,Mejorana,Thymus mastichina,HERB_PERENNES
PFX,Nogal del Cáucaso,Pterocarya fraxinifolia,FRONDOSA
PYM,Palma de MacArthur,Ptychosperma macarthurii,PALMACEA
PCT,Espino de fuego,Pyracantha crenulata,ARBUSTO
PYR,Crisantemo,Pyrethrum sp,HERB_PERENNES
PHL,Peral 'Beech Hill',Pyrus communis 'Beech Hill',FRONDOSA
PYSP,Perales,Pyrus sp,FRONDOSA
QAL,Roble blanco,Quercus alba,FRONDOSA
QCA,Roble andaluz,Quercus canariensis,FRONDOSA
QCO,Coscoja,Quercus coccifera,FRONDOSA
QFA,Quejigo,Quercus faginea,FRONDOSA
QIM,Roble imbricado,Quercus imbricaria,FRONDOSA
QKE,Roble negro,Quercus kelloggii,FRONDOSA
QMA,Roble de Maryland,Quercus marilandica,FRONDOSA
QMY,Roble de hoja de Almez,Quercus myrsinifolia,FRONDOSA
QPA,Roble de los pantanos,Quercus palustris,FRONDOSA
QPH,Roble sauce,Quercus phellos,FRONDOSA
QPU,Roble pubescente,Quercus pubescens,FRONDOSA
QPY,Melojo,Quercus pyrenaica,FRONDOSA
QEX,Robles,Quercus sp,FRONDOSA
QIN,Quiscal/Quisqualis indica,Combretum indicum,TAPIZANTE/TREPADORA
RUM,Rafiolepis,Rhaphiolepis indica var. Umbellata,ARBUSTO
REX,Rapis,Rhapis excelsa,SUBTROPICAL/TROPICAL
RMO,Retama blanca,Retama monosperma,ARBUSTO
RCA,Espino cerval,Rhamnus cathartica,ARBUSTO
RAX,Aladierno,Rhamnus sp,ARBUSTO
RHA,Palmera aguja,Rhapidophyllum hystrix,ARBUSTO
RHJ,Azalea,Rhododendron japonicum,ARBUSTO
RCO,Zumaque,Rhus coriaria,ARBUSTO
RTY,Zumaque de Virginia,Rhus typhina,ARBUSTO
RVE,Árbol de la laca,Rhus verniciflua,ARBUSTO
RAP,Grosellero de los Alpes,Ribes alpinum,ARBUSTO
RAU,Grosellero dorado,Ribes aureum,ARBUSTO
RSA,Grosellero de invierno,Ribes sanguineum,ARBUSTO
RIX,Grosellero,Ribes sp,ARBUSTO
RNA,Falsa acacia 'Bessoniana',Robinia pseudoacacia 'Bessoniana',FRONDOSA
RPSM,Robinia pseudoacacia 'Monophylla',Robinia pseudoacacia 'Unifoliola',FRONDOSA
ACRE,Acacia plateada,Acacia retinodes,FRONDOSA
RRA,Falsa acacia 'Umbraculifera',Robinia pseudoacacia 'Umbraculifera',FRONDOSA
RBX,Robinia,Robinia sp,FRONDOSA
ROD,Rondelecia,Rondeletia odorata,SUBTROPICAL/TROPICAL
ROBA,Rosal de Banksia,Rosa banksiae,TAPIZANTE/TREPADORA
ROOP,Romero rastrero,Salvia rosmarinus 'Prostratus',ARBUSTO
RRE,Palmera real,Roystonea regia,PALMACEA
RID,Frambueso,Rubus idaeus,ARBUSTO
RUX,Zarzamora,Rubus sp,ARBUSTO
RUB,Zarzamora,Rubus ulmifolius,ARBUSTO
RFU,Rudbeckia,Rudbeckia fulgida,HERB_PERENNES
RUZ,Rudbeckia,Rudbeckia sp,HERB_PERENNES
RHY,Laurel de Alejandría,Ruscus hypoglossum,HERB_PERENNES
RUEQ,Ruselia,Russelia equisetiformis,HERB_PERENNES
RUT,Ruda montesina,Ruta montana,HERB_PERENNES
SBE,Sabal de Bermuda,Sabal bermudiana,SUBTROPICAL/TROPICAL
SBM,Sabal enano,Sabal minor,SUBTROPICAL/TROPICAL
SAT,Sauce ceniciento,Salix atrocinerea,ARBUSTO
SCA,Sauce cabruno,Salix caprea,FRONDOSA
SEL,Sarga,Salix eleagnos,FRONDOSA
SFR,Mimbrera,Salix x fragilis,ARBUSTO
SPE,Salguera,Salix pentandra,FRONDOSA
SPU,Salguera colorada,Salix purpurea 'Gracilis',ARBUSTO
SRO,Sauce de hojas de romero,Salix rosmarinifolia,ARBUSTO
SSL,Sauce salvifolio,Salix salviifolia,FRONDOSA
STR,Sarga negra,Salix triandra,ARBUSTO
ROOD,Rosa Odonata,Rosa 'Odonata',ARBUSTO
SAFA,Salvia azul,Salvia farinacea,HERB_PERENNES
SMC,Salvia rosa,Salvia microphylla,HERB_PERENNES
SSC,Salvia romana,Salvia sclarea,HERB_PERENNES
SAV,Salvia,Salvia x hibrida,HERB_PERENNES
SASP,Salvia roja,Salvia splendens,HERB_PERENNES
SXS,Salvia/Salvia x superba,Salvia x sylvestris,HERB_PERENNES
SEB,Yezgo,Sambucus ebulus,HERB_PERENNES
SNI,Saúco,Sambucus nigra,ARBUSTO
SRA,Saúco rojo,Sambucus racemosa,ARBUSTO
SBX,Saúco,Sambucus sp,ARBUSTO
SAN,Sándalo,Santalum album,ARBUSTO
SARO,Botonera,Santolina rosmarinifolia,ARBUSTO
SMU,Árbol del jabón,Sapindus mukorossi,FRONDOSA
SAHO,Sarcococa/Sarcococca hookeriana,Sarcococca pruniformis,ARBUSTO
SAHU,Sarcococa,Sarcococca humilis var. humilis,ARBUSTO
SSS,Bambú,Sasa sp.,HERB_PERENNES
SCAC,Árbol pulpo,Schefflera actinophylla,SUBTROPICAL/TROPICAL
SHA,Aguaribay,Schinus areira,ARBUSTO
SMO,Falso pimentero,Schinus molle,ARBUSTO
SLC,Junco de agua/Scirpus lacustris,Schoenoplectus lacustris,HERB_PERENNES
STI,Tamujo/Securinega tinctoria,Flueggea tinctoria,ARBUSTO
SAC,Sedum,Sedum acre,CACTACEA/SUCULENTA
SHB,Sedum,Sedum hybridum,CACTACEA/SUCULENTA
SKA,Sedum,Sedum kamtschaticum,CACTACEA/SUCULENTA
SNE,Sedum,Sedum nevii,CACTACEA/SUCULENTA
SEP,Sedum,Sedum pulchellum,CACTACEA/SUCULENTA
SSF,Sedum/Sedum reflexum,Sedum rupestre,CACTACEA/SUCULENTA
SLS,Sedum/Sedum selskianum,Phedimus selskianus,CACTACEA/SUCULENTA
SEZ,Pampajaritos,Sedum sp,CACTACEA/SUCULENTA
SSP,Telefío,Sedum spectabile,CACTACEA/SUCULENTA
SES,Sedum,Sedum spurium,CACTACEA/SUCULENTA
STE,Sedum,Sedum telephium,CACTACEA/SUCULENTA
SET,Sedum,Sedum tetractinum,CACTACEA/SUCULENTA
SBC,Cineraria/Senecio bicolor,Jacobaea maritima subsp. bicolor,HERB_PERENNES
SPT,Platanillo/Senecio petasitis,Roldana petasitis,HERB_PERENNES
SEX,Cineraria,Senecio sp,HERB_PERENNES
SGI,Secuoya gigante,Sequoiadendron giganteum,CONIFERA
SRE,Palma enana americana,Serenoa repens,PALMACEA
SBU,Severinia/Severinia buxifolia,Atalantia buxifolia,ARBUSTO
SMR,Bambú/Sinarundinaria murielae,Fargesia murielae,HERB_PERENNES
SST,Huilmo amarillo,Sisyrinchium striatum,HERB_PERENNES
SJO,Esquimia,Skimmia japonica,ARBUSTO
SAS,Zarzaparrilla,Smilax aspera,TAPIZANTE/TREPADORA
ACSP,Arce,Acer sp,FRONDOSA
COVG,Coronilla,Coronilla valentina subsp. glauca,HERB_PERENNES
RONE,Rosal 'Nevada',Rosa 'Nevada',ARBUSTO
SNG,Tomatillo del diablo,Solanum nigrum,ARBUSTO
ROLG,Rosal 'Léontine Gervais',Rosa 'Léontine Gervais',ARBUSTO
SRN,Solano de flor azul/Solanum rantonnetii,Lycianthes rantonnetii,ARBUSTO
SOX,Solanos,Solanum sp,ARBUSTO
SAM,Serbal americano,Sorbus americana,FRONDOSA
SDO,Serbal común,Sorbus domestica,FRONDOSA
SIN,Serbal sueco,Sorbus intermedia,FRONDOSA
SLA,Mostajo de hoja ancha,Sorbus latifolia,FRONDOSA
SMG,Serbal de Mougeot,Sorbus mougeotii,FRONDOSA
SOZ,Serbal,Sorbus sp,FRONDOSA
STO,Peral de monte,Sorbus torminalis,FRONDOSA
SVL,Serbal de Vilmorin,Sorbus vilmorinii,FRONDOSA
SCM,Tulípero del Gabón,Spathodea campanulata,FRONDOSA
SAG,Espírea,Spiraea x arguta,ARBUSTO
SBI,Espírea,Spiraea x billardii,ARBUSTO
SBR,Espírea,Spiraea x bumalda,ARBUSTO
SPC,Espirea,Spiraea chamaedryfolia,ARBUSTO
SJN,Espirea del Japón,Spiraea japonica,ARBUSTO
SPP,Espírea de Thunberg,Spiraea thunbergii,ARBUSTO
SBY,Oreja de liebre,Stachys byzantina,HERB_PERENNES
STL,Oreja de liebre/Stachys lanata,Stachys palaestina,HERB_PERENNES
SPI,Falso pistacho,Staphylea pinnata,ARBUSTO
STX,Tojo,Stauracanthus sp,HERB_PERENNES
STT,Esparto,Stipa tenacissima,HERB_PERENNES
SAA,"Estrelicia blanca, Streliztia angusta",Strelitzia alba,SUBTROPICAL/TROPICAL
SNC,Ave del paraíso gigante,Strelitzia nicolai,SUBTROPICAL/TROPICAL
SRG,Ave del paraíso,Strelitzia reginae,SUBTROPICAL/TROPICAL
SRM,Coco plumoso,Syagrus romanzoffiana,SUBTROPICAL/TROPICAL
SAB,Bolitas de nieve,Symphoricarpos albus,ARBUSTO
SRC,Baya de nieve/Symphoricarpos racemosus,Symphoria racemosa,ARBUSTO
SYZ,Sinfocarpo,Symphoricarpos sp,ARBUSTO
SPS,Lilo,Syringa persica,ARBUSTO
SER,Lilo/Syringa reflexa,Syringa komarowii,ARBUSTO
TAER,Tagete,Tagetes erecta,HERB_ANUAL
TAT,Clavel de moro,Tagetes erecta 'Triploide',HERB_ANUAL
TAF,Taray,Tamarix africana,ARBUSTO
TTE,Tamarindo,Tamarix tetrandra,ARBUSTO
TDE,Tanaceto,Tanacetum densum,HERB_PERENNES
TRT,Hierba santa,Tanacetum parthenium,HERB_PERENNES
TMU,Ahuehuete/Taxodium mucronatum,Taxodium huegelii,CONIFERA
TCP,Tecoma/Tecomaria capensis,Tecoma capensis,ARBUSTO
TAR,Ciprés de Cartagena,Tetraclinis articulata,CONIFERA
TEA,Salvia amarga,Teucrium aroanium,ARBUSTO
TLU,Salvia amarga,Teucrium x lucidrys,ARBUSTO
TPR,Azuceno/Thevetia peruviana,Cascabela thevetia,ARBUSTO
TDO,Hiba,Thujopsis dolabrata,CONIFERA
TSE,Tomillo sanjuanero,Thymus serpyllum,HERB_PERENNES
URA,Tilo de hoja pequeña 'Greenspire',Tilia cordata 'Greenspire',FRONDOSA
TPE,Tilo plateado llorón/Tilia petiolaris,Tilia tomentosa 'Pendula',FRONDOSA
TIT,Tilo plateado,Tilia tomentosa,FRONDOSA
TEU,Tilo,Tilia x euchlora,FRONDOSA
TTI,Tipuana,Tipuana tipu,SUBTROPICAL/TROPICAL
TJA,Jazmín chino,Trachelospermum jasminoides,TAPIZANTE/TREPADORA
TPI,Purpurina,Tradescantia pallida,HERB_PERENNES
TRRE,Trébol blanco,Trifolium repens,HERB_PERENNES
TCA,Falso abeto del Canadá,Tsuga canadensis,CONIFERA
THE,Tsuga del Pacífico,Tsuga heterophylla,CONIFERA
TUSP,Tulipán,Tulipa sp.,HERB_ANUAL
TAN,Espadaña pequeña,Typha angustifolia,HERB_PERENNES
TLA,Espadaña,Typha latifolia,HERB_PERENNES
TYX,Espadaña,Typha sp,HERB_PERENNES
UEX,Retamo espinoso,Ulex sp,ARBUSTO
SP18,,Rosa andegavensis Bastard,ARBUSTO
UCU,Almudela,Ulmus carpinifolia var. umbraculifera,FRONDOSA
ULA,Olmo de Los Llanillos,Ulmus laevis,FRONDOSA
UFR,Olmo chino 'Umbraculifera',Ulmus parvifolia 'Umbraculifera',FRONDOSA
UPU,Olmo de Siberia,Ulmus pumila,FRONDOSA
UPM,Olmo de Siberia 'Umbraculifera',Ulmus pumila 'Umbraculifera',FRONDOSA
URE,Olmo resistente a la grafiosis,Ulmus minor 'Resista',FRONDOSA
RDKO,,Rosa 'Double Knock Out',
VME,Palma de Navidad/Veitchia merrillii,Adonidia merrillii,PALMACEA
RWGC,Rosal 'Glamis Castle',Rosa 'Glamis Castle',ARBUSTO
VEHY,Verbena,Verbena x hybrida,HERB_PERENNES
ROGK,Rosal 'Général Kléber',Rosa 'Général Kléber',ARBUSTO
VES,Veronica espigada,Veronica spicata,ARBUSTO
VIBU,Viburno,Viburnum x burkwoodii,ARBUSTO
VDA,Viburno chino,Viburnum davidii,ARBUSTO
VFR,Viburno,Viburnum fragrans,ARBUSTO
VLA,Morrionera,Viburnum lantana,ARBUSTO
VOD,Viburno,Viburnum odoratissimum,ARBUSTO
VPL,Viburno,Viburnum plicatum,ARBUSTO
VRH,Viburno,Viburnum rhytidophyllum,ARBUSTO
VSU,Laurentino suspensum,Viburnum suspensum,ARBUSTO
VMI,Hierba doncella,Vinca minor,TAPIZANTE/TREPADORA
VIZ,Vinca,Vinca sp,TAPIZANTE/TREPADORA
VICO,Violeta,Viola cornuta,HERB_ANUAL
VIO,Violeta de olor,Viola odorata,HERB_ANUAL
VITR,Pensamiento,Viola tricolor,HERB_ANUAL
VIWI,Pensamiento,Viola x wittrockiana,HERB_ANUAL
VAG,Sauzgatillo,Vitex agnus-castus,ARBUSTO
VVI,Vid,Vitis vinifera,ARBUSTO
WRA,Washingtonia de California,Washingtonia filifera,PALMACEA
WRO,Palmera mexicana,Washingtonia robusta,PALMACEA
WAX,Washingtonias,Washingtonia sp,PALMACEA
WEF,Veigela,Weigela florida,ARBUSTO
WFL,Glicinia japonesa,Wisteria floribunda,TAPIZANTE/TREPADORA
YUC,Yuca de Josué,Yucca brevifolia,HERB_PERENNES
YEL,Yuca pie de elefante,Yucca elephantipes,HERB_PERENNES
YGL,Daga española,Yucca gloriosa,HERB_PERENNES
PHFR,Fotinia 'Red robin',Photinia x fraseri 'Red Robin',ARBUSTO
YRO,Yuca picuda,Yucca rostrata,HERB_PERENNES
ZAAE,Cala,Zantedeschia aethiopica,HERB_PERENNES
ZECA,Olmo de Siberia,Zelkova carpinifolia,FRONDOSA
ZILO,Zinia,Zinnia elegans,HERB_PERENNES
ZJU,Azufaito,Ziziphus jujuba,FRONDOSA
ZLO,Azufaito silvestre,Ziziphus lotus,FRONDOSA
SLV,Salvia,Salvia officinalis subsp. lavandulifolia,HERB_PERENNES
RLF,Rosal,Rosa 'Lovely Fairy',ARBUSTO
PON,Naranjo trifoliado/Poncirus trifoliata,Citrus trifoliata,FRONDOSA
SAP,Palmera de Carolina,Sabal palmetto,SUBTROPICAL/TROPICAL
LIR,Árbol de Júpiter 'Rosea',Lagerstroemia indica 'Rosea',FRONDOSA
MAU,Melia 'Umbraculífera',Melia azedarach 'Umbraculifera',FRONDOSA
CTK,Chitalpa 'Minsum',x Chitalpa tashkentensis  'Summer Bells',FRONDOSA
SINESPEC,Sin especie,sin especie,
CESI,Almez chino,Celtis sinensis,FRONDOSA
PHAU,Bambú dorado,Phyllostachys aurea,HERB_PERENNES
BETH,Agracejo púrpura,Berberis thunbergii 'Atropurpurea',ARBUSTO
CLAR,Clemátide de Armand,Clematis armandii,TAPIZANTE/TREPADORA
CFA,Cotoneaster de Franchet,Cotoneaster franchetii,ARBUSTO
CCI,Cica de hoja larga,Cycas circinalis,PALMACEA
QFR,Roble de Hungría,Quercus frainetto,FRONDOSA
SVT,Sauce dorado,Salix alba var. vitellina,FRONDOSA
PITN,Pitosporo ‘Nana’,Pittosporum tobira 'Nanum',ARBUSTO
PLAO,Laurel cerezo 'Otto Luyken',Prunus laurocerasus 'Otto Luyken',ARBUSTO
RHDS,Espino indio 'Springtime',Rhaphiolepis x delacourii 'Springtime',ARBUSTO
ROAR,Rosal 'Aspirin rose',Rosa 'Aspirin rose',ARBUSTO
ROES,Rosal 'Escimo',Rosa 'Escimo',ARBUSTO
ROFO,Rosal 'Fortuna',Rosa 'Fortuna',ARBUSTO
ROHE,Rosal 'Heidesommer',Rosa 'Heidesommer',ARBUSTO
ROMI,Rosal 'Mirato',Rosa 'Mirato',ARBUSTO
RORW,Rosal japonés 'White roadrunner',Rosa rugosa 'White Roadrunner',ARBUSTO
ROLS,Rosal 'La sevillana',Rosa 'La Sevillana',ARBUSTO
ROTF,,Rosa 'The Fairy',ARBUSTO
SAJJ,Salvia 'James Compton',Salvia x jamensis 'James Compton',HERB_PERENNES
STGI,Berceo,Stipa gigantea,HERB_PERENNES
TFRA,Olivilla 'Azureum',Teucrium fruticans 'Azureum',ARBUSTO
CDEP,,Cedrus deodara ‘Pendula’,CONIFERA
RODC,Rosal 'Domaine de Courson',Rosa 'Domaine de Courson',ARBUSTO
VTIE,Durillo 'Eve price',Viburnum tinus 'Eve price',ARBUSTO
VTIP,Durillo 'Purpureum',Viburnum tinus 'Purpureum',ARBUSTO
PICH,Pistachero chino,Pistacia chinensis,ARBUSTO
MUCA,Cabello de Muhlenberg,Muhlenbergia capillaris,HERB_PERENNES
ABEG,Abelia 'Edward Goucher',Abelia 'Edward Goucher',ARBUSTO
ACGR,Junco japonés enano,Acorus gramineus,HERB_PERENNES
ACLT,Milenrama 'Terracotta',Achillea millefolium 'Terracotta',HERB_PERENNES
AGRP,Abelia 'Prostrata',Abelia x grandiflora 'Prostrata',ARBUSTO
AHIB,Castaño de indias de Baumann,Aesculus hippocastanum 'Baumannii',FRONDOSA
RCB,Rosa Cérise Bouquet,Rosa 'Cerise Bouquet',ARBUSTO
CATE,Juncia naranja,Carex testacea,HERB_PERENNES
CATG,Cedro del Atlas azul,Cedrus atlantica 'Glauca',CONIFERA
CIPL,Jara híbrida,Cistus × pulverulentus,ARBUSTO
CLVI,Hierba del pordiosero,Clematis vitalba,TAPIZANTE/TREPADORA
CRLU,Crocosmia de Lucifer,Crocosmia 'Luzifer',HERB_PERENNES
EPVS,Sombrero de obispo (Mitra),Epimedium × versicolor 'Sulphureum',HERB_PERENNES
ERMU,Bruguera,Erica multiflora,ARBUSTO
EUAM,Lechetrezna de bosque,Euphorbia amygdaloides,HERB_PERENNES
HEDR,Lirio 'Double River Wye',Hemerocallis 'Double River Wye',HERB_PERENNES
HERA,Lirio naranja 'Rajah',Hemerocallis 'Rajah',HERB_PERENNES
HLNI,Rosa de Navidad,Helleborus niger,HERB_PERENNES
HYMO,Hiperico híbrido,Hypericum x moserianum,HERB_PERENNES
IRFO,Lirio hediondo,Iris foetidissima,HERB_PERENNES
IRPA,Lirio dálmata,Iris pallida,HERB_PERENNES
IRVD,Lirio multicolor 'Dark Aura',Iris versicolor 'Dark Aura',HERB_PERENNES
JUBE,Enebro de las Bermudas,Juniperus bermudiana,CONIFERA
JUPR,Sabina de Arabia,Juniperus procera,CONIFERA
LUSY,Junco grande,Luzula sylvatica,HERB_PERENNES
MALP,Morera llorona,Morus alba 'Pendula',FRONDOSA
MESA,Alfalfa,Medicago sativa,HERB_PERENNES
OPHN,Ofiopogón negro,Ophiopogon planiscapus 'Niger',HERB_PERENNES
PEHB,Sombrerera híbrida,Petasites hybridus,HERB_PERENNES
PEOR,Hierba oriental,Pennisetum orientale,HERB_PERENNES
PHAS,Carrizo común,Phragmites australis,HERB_PERENNES
PIMA,Pino azul,Pinus maximartinezii,CONIFERA
PPEN,Nectarino,Prunus persica nucipersica,FRONDOSA
PPEP,Paraguayo,Prunus persica 'Platycarpa',FRONDOSA
ROAB,Rosal 'Albéric Barbier',Rosa 'Albéric Barbier',ARBUSTO
ROAE,Rosal 'Adios Enriqueta',Rosa 'Adios Enriqueta',ARBUSTO
ROAG,Rosal 'Alexandre Girault',Rosa 'Alexandre Girault',ARBUSTO
ROAP,Rosal 'American Pillar',Rosa 'American Pillar',ARBUSTO
ROAQ,Rosal 'Amparín Quílez',Rosa 'Amparín Quílez',ARBUSTO
ROAS,Rosal 'Amistad Sincera',Rosa 'Amistad Sincera',ARBUSTO
ROAV,Rosal 'Aviateur Blériot',Rosa 'Aviateur Blériot',ARBUSTO
ROAX,,Rosa x alba 'Maxima',ARBUSTO
ROBB,Rosal banksiae 'alba',Rosa banksiae 'Alba',TAPIZANTE/TREPADORA
ROBC,Rosal 'Bengale Camélia',Rosa 'Bengale Camélia',ARBUSTO
ROBE,Rosal 'Bea',Rosa 'Bea',ARBUSTO
ROBJ,Rosal 'Bobbie James',Rosa 'Bobbie James',ARBUSTO
ROBK,Rosal 'Barkarole',Rosa 'Barkarole',ARBUSTO
ROBL,Rosal banksiae lutea,Rosa banksiae f. lutea,TAPIZANTE/TREPADORA
ROBM,Rosal 'Bleu Magenta',Rosa 'Bleu Magenta',ARBUSTO
ROBO,Rosal 'Baronne de Rothschild',Rosa 'Baronne de Rothschild',ARBUSTO
ROBS,Rosal 'Belle symphonie',Rosa 'Belle Symphonie',ARBUSTO
ROBT,Rosal 'Botticelli',Rosa 'Botticelli',ARBUSTO
ROCA,Rosal 'Condesa de Barcelona',Rosa 'Condesa de Barcelona',ARBUSTO
ROCB,Rosal 'Comtesse du Barry',Rosa 'Comtesse du Barry',ARBUSTO
ROCD,Rosal 'Coral Drift',Rosa 'Coral Drift',ARBUSTO
ROCE,Rosal 'Celestial',Rosa 'Celestial',ARBUSTO
ROCF,Rosal 'Conrad Ferdinand Meyer',Rosa 'Conrad Ferdinand Meyer',ARBUSTO
ROCG,"Rosal 'Crimson Glory, Climber'","Rosa 'Crimson Glory, Climber'",TAPIZANTE/TREPADORA
ROCL,Rosal 'Centenaire de Lourdes',Rosa 'Centenaire de Lourdes',ARBUSTO
ROCM,Rosal 'Comtesse de Murinais',Rosa 'Comtesse de Murinais',ARBUSTO
ROCP,Rosal 'Crown Princess Margareta',Rosa 'Crown Princess Margareta',ARBUSTO
ROCR,Rosal 'Cecilio Rodriguez',Rosa 'Cecilio Rodriguez',ARBUSTO
ROCS,Rosal 'Condesa de Sástago',Rosa 'Condesa de Sástago',ARBUSTO
ROCW,Rosal 'Colonial White',Rosa 'Colonial White',ARBUSTO
ROCY,Rosal 'Condesa de Mayalde',Rosa 'Condesa de Mayalde',ARBUSTO
RODG,Rosal 'Daniel Gelin',Rosa 'Daniel Gelin',ARBUSTO
RODO,Rosal 'Dorita',Rosa 'Dorita',ARBUSTO
RODP,Rosal 'Duquesa de Peñaranda',Rosa 'Duquesa de Peñaranda',ARBUSTO
ROEH,"Rosal 'Étoile de Hollande, Climber'","Rosa 'Étoile de Hollande, Cl'",TAPIZANTE/TREPADORA
ROET,,Rosa 'Encarnita de Tierno',ARBUSTO
ROEX,Rosal 'Excelsa',Rosa 'Excelsa',ARBUSTO
ROFA,Rosal 'Falstaff',Rosa 'Falstaff',ARBUSTO
ROFB,Rosal 'Fiesta Brava',Rosa 'Fiesta Brava',ARBUSTO
ROFJ,Rosal 'François Juranville',Rosa 'François Juranville',ARBUSTO
ROFL,Rosal 'Floricel',Rosa 'Floricel',ARBUSTO
ROFM,Rosal 'Frédéric Mistral',Rosa 'Frédéric Mistral',ARBUSTO
ROFR,Rosal 'Friesia',Rosa 'Friesia',ARBUSTO
ROGA,Rosal de Castilla,Rosa gallica,ARBUSTO
ROGC,Rosal gallica 'Complicata',Rosa gallica 'Complicata',ARBUSTO
ROGD,Rosal 'Gloire de Dijon',Rosa 'Gloire de Dijon',ARBUSTO
ROGE,Rosal 'Golden Celebration',Rosa 'Golden Celebration',ARBUSTO
ROBU,Rosal 'Buff Beauty',Rosa 'Buff Beauty',ARBUSTO
ROGL,Rosal 'Galaty',Rosa 'Galaty',ARBUSTO
ROGS,Rosal 'Golden Showers',Rosa 'Golden Showers',ARBUSTO
ROGU,Rosal 'Guinée',Rosa 'Guinée',ARBUSTO
ROIC,"Rosal 'Iceberg , Climber'","Rosa 'Iceberg , Climber'",TAPIZANTE/TREPADORA
ROIJ,Rosal 'Impératrice Josephine',Rosa 'Impératrice Josephine',ARBUSTO
ROIR,Rosal 'Isabella Rossellini',Rosa 'Isabella Rossellini',ARBUSTO
ROJB,Rosal 'Jardins de Bagatelle',Rosa 'Jardins de Bagatelle',ARBUSTO
ROJC,Rosal 'Jacques Cartier',Rosa 'Jacques Cartier',ARBUSTO
ROJG,Rosal 'James Galway',Rosa 'James Galway',ARBUSTO
ROJO,Rosal 'Jardinero Ortiz',Rosa 'Jardinero Ortiz',ARBUSTO
ROJS,Rosal 'Josefina de Salgado',Rosa 'Josefina de Salgado',ARBUSTO
ROKD,Rosal 'Königin von Dänemark',Rosa 'Königin von Dänemark',ARBUSTO
ROKR,Rosal 'Kew Rambler',Rosa 'Kew Rambler',ARBUSTO
ROLA,Rosal 'Lourdes Arroyo',Rosa 'Lourdes Arroyo',ARBUSTO
ROLC,Rosal 'Lucia Cotarelo',Rosa 'Lucia Cotarelo',ARBUSTO
ROLF,Rosal 'Louis de Funès',Rosa 'Louis de Funès',ARBUSTO
ROAL,Rosal 'Alchymist',Rosa 'Alchymist',ARBUSTO
ROLO,Rosal 'Louise Odier',Rosa 'Louise Odier',ARBUSTO
ROLU,Rosal 'Luarca',Rosa 'Luarca',ARBUSTO
ROLW,Rosal 'Lawinia',Rosa 'Lawinia',ARBUSTO
ROMA,Rosal 'Maigold',Rosa 'Maigold',ARBUSTO
ROMB,Rosal 'Mademoiselle Cécile Brünner',Rosa 'Mademoiselle Cécile Brünner',ARBUSTO
ROMC,Rosal 'Madame Alfred Carrière',Rosa 'Madame Alfred Carrière',ARBUSTO
ROMG,Rosal 'Madame Grégoire Staechelin',Rosa 'Madame Grégoire Staechelin',ARBUSTO
ROMJ,Rosal 'Mon Jardin et Ma Maison',Rosa 'Mon Jardin et Ma Maison',ARBUSTO
ROML,Rosal 'Madame Legras de St. Germain',Rosa 'Madame Legras de St. Germain',ARBUSTO
ROMO,Rosal 'Montserrat',Rosa 'Montserrat',ARBUSTO
ROMP,Rosal 'Madame Plantier',Rosa 'Madame Plantier',ARBUSTO
ROMT,Rosal 'Maria Teresa Bordas',Rosa 'Mª Teresa Bordas',ARBUSTO
ROMU,Rosal 'Marquesa de Urquijo',Rosa 'Marquesa de Urquijo',ARBUSTO
ROND,Rosal 'New Dawn',Rosa 'New Dawn',ARBUSTO
RONO,Rosal 'Nozomi',Rosa 'Nozomi',ARBUSTO
ROPB,Rosal 'Phyllis Bide',Rosa 'Phyllis Bide',ARBUSTO
ROPD,Rosal 'Peach Drift',Rosa 'Peach Drift',ARBUSTO
ROPE,Rosal 'Pretty Red',Rosa 'Pretty Red',ARBUSTO
ROPH,Rosal 'Parfum de l'Haÿ',Rosa 'Parfum de l'Haÿ',ARBUSTO
ROPL,Rosal 'Perla de Alcanada',Rosa 'Perla de Alcanada',ARBUSTO
ROPN,Rosal 'Philippe Noiret',Rosa 'Philippe Noiret',ARBUSTO
ROPR,Rosal 'Pierre de Ronsard',Rosa 'Pierre de Ronsard',TAPIZANTE/TREPADORA
ROPS,Rosal 'Pink Symphonie',Rosa 'Pink Symphonie',ARBUSTO
ROPY,Rosal 'Paris de Yves St. Laurent',Rosa 'Paris de Yves St. Laurent',ARBUSTO
ROQE,Rosal 'Queen Elizabeth',Rosa 'Queen Elizabeth',ARBUSTO
ROQM,Rosal 'Queen of the Musks',Rosa 'Queen of the Musks',ARBUSTO
RORB,Rosal 'Ramón Bach',Rosa 'Ramón Bach',ARBUSTO
RORE,Rosal 'Rocio Elias',Rosa 'Rocio Elias',ARBUSTO
RORH,Rosal 'Roseraie de l'Haÿ',Rosa 'Roseraie de l'Haÿ',ARBUSTO
RORI,Rosal 'Risaralda',Rosa 'Risaralda',ARBUSTO
RORR,Rosal 'Rose de Rescht',Rosa 'Rose de Rescht',ARBUSTO
RORU,Rosal 'Rosarium Uetersen',Rosa 'Rosarium Uetersen',ARBUSTO
ROSD,Rosal 'Souvenir du Docteur Jamain',Rosa 'Souvenir du Docteur Jamain',ARBUSTO
ROSE,Rosal 'Soft Meidiland',Rosa 'Soft Meidiland',ARBUSTO
ROSH,Rosal 'Sally Holmes',Rosa 'Sally Holmes',ARBUSTO
ROSI,Rosal 'Si',Rosa 'Si',ARBUSTO
ROSP,Rosal 'Sandro Pertini',Rosa 'Sandro Pertini',ARBUSTO
ROST,Rosal 'Stel',Rosa 'Stel',ARBUSTO
ROSY,Rosal 'Sympathie',Rosa 'Sympathie',ARBUSTO
ROTB,Rosal 'Thérèse Bugnet',Rosa 'Thérèse Bugnet',ARBUSTO
ROTG,Rosal 'The Garland',Rosa 'The Garland',ARBUSTO
ROTM,Rosal 'The McCartney Rose',Rosa 'The McCartney Rose',ARBUSTO
ROTU,Rosal 'Tess of the D'Urbervilles',Rosa 'Tess of the D'Urbervilles',ARBUSTO
ROVE,Rosal 'Veilchenblau',Rosa 'Veilchenblau',ARBUSTO
ROVI,Rosal 'Violon d'Ingres',Rosa 'Violon d'Ingres',ARBUSTO
ROVR,Rosal 'Vía Romana',Rosa 'Vía Romana',ARBUSTO
RPO,Rododendro,Rhododendron ponticum,ARBUSTO
ROWD,Rosal 'Wedding Day',Rosa 'Wedding Day',ARBUSTO
ROWI,Rosal 'William Morris',Rosa 'William Morris',ARBUSTO
ROWM,Rosal 'White Meidiland',Rosa 'White Meidiland',ARBUSTO
ROWQ,Rosal 'White Queen Elizabeth',Rosa 'White Queen Elizabeth',TAPIZANTE/TREPADORA
RWBB,Rosal 'Benjamin Britten',Rosa 'Benjamin Britten',ARBUSTO
RWCD,Rosal 'Carte d´Or',Rosa 'Carte d´Or',ARBUSTO
RWCM,Rosal 'Caprice de Meilland',Rosa 'Caprice de Meilland',ARBUSTO
RWCS,Rosal 'Constance Spry',Rosa 'Constance Spry',ARBUSTO
RWEH,"Rosal 'Ena Harkness, Climber'","Rosa 'Ena Harkness, Climber'",TAPIZANTE/TREPADORA
RWGA,Rosal 'Gala Charles Aznavour',Rosa 'Gala Charles Aznavour',ARBUSTO
RWGD,Rosal 'Guirlande d'Amour',Rosa 'Guirlande d'Amour',ARBUSTO
RWGE,Rosal 'Generosa',Rosa 'Generosa',ARBUSTO
RWLU,Rosal 'Lucetta',Rosa 'Lucetta',ARBUSTO
RWMI,Rosal 'Madame Isaac Pereire',Rosa 'Madame Isaac Pereire',ARBUSTO
RWMT,,"Rosa 'Mme. Caroline Testout, Climber'",TAPIZANTE/TREPADORA
RWPN,Rosal 'Paul Noël',Rosa 'Paul Noël',ARBUSTO
RWPR,Rosal 'Parkdirektor Riggers',Rosa 'Parkdirektor Riggers',ARBUSTO
RWRR,Rosal 'Rambling Rector',Rosa 'Rambling Rector',ARBUSTO
RWSI,Rosal 'Scepter'd Isle',Rosa 'Scepter'd Isle',ARBUSTO
SEMU,Pampajarillo murale,Sedum murale,CACTACEA/SUCULENTA
TECH,Encinilla,Teucrium chamaedrys,ARBUSTO
TRHY,Alsike,Trifolium hybridum,HERB_PERENNES
TRPR,Trebol rojo,Trifolium pratense,HERB_PERENNES
TRRS,Trébol persa,Trifolium resupinatum,HERB_PERENNES
USAG,Olmo resistente a la grafiosis,Ulmus 'Sapporo Autumn Gold' resista,FRONDOSA
VILA,Violeta de El Labrador,Viola labradorica,HERB_ANUAL
JDR,,Juniperus drupacea,CONIFERA
RINI,Grosellero negro,Ribes nigrum,ARBUSTO
RIRU,Grosellero rojo,Ribes rubrum,ARBUSTO
APAD,Arce palmeado japonés,Acer palmatum 'Dissectum',FRONDOSA
ARUO,Arce rojo,Acer rubrum 'October Glory',FRONDOSA
ALBR,Cebolla de la suerte,Albuca bracteata,HERB_PERENNES
ARDI,Plumas de novia,Aruncus dioicus,HERB_PERENNES
ASFI,Gamoncillo,Asphodelus fistulosus,HERB_PERENNES
BRMS,Lengua de buey 'Sea heart',Brunnera macrophylla 'Sea heart',HERB_PERENNES
CEPL,Falso plumbago,Ceratostigma plumbaginoides,HERB_PERENNES
CICL,Romero macho,Cistus clusii,ARBUSTO
CIDD,Jara de hoja de salvia,Cistus x dansereaui 'Decumbens',ARBUSTO
DICA,Azucena azul,Dianella caerulea,HERB_PERENNES
EDTO,Arbusto del papel,Edgeworthia tomentosa,ARBUSTO
FPEC,Fresno rojo americano,Fraxinus pennsylvanica 'Cimmzam',FRONDOSA
HOCO,Hotunia,Houttuynia cordata,HERB_PERENNES
LCHR,Lavanda,Lavandula x chaytoriae 'Richard Gray',ARBUSTO
LOCF,Loropétalo 'Fire Dance',Loropetalum chinense 'Fire Dance',ARBUSTO
LOCO,Loto corniculado,Lotus corniculatus,SUBTROPICAL/TROPICAL
MYAF,Boj africano,Myrsine africana,ARBUSTO
NDOF,Bambú sagrado,Nandina domestica 'Fire Power',HERB_PERENNES
NOLW,Adelfa 'Petite White',Nerium oleander 'Petite White',ARBUSTO
PORK,Hierba oriental,Pennisetum 'Karley Rose',HERB_PERENNES
PIMI,Mijo negrillo,Piptatherum miliaceum,HERB_PERENNES
POSP,Pontederia,Pontederia sp,HERB_PERENNES
PSPU,Centaurea,Psephellus pulcherrimus,HERB_PERENNES
SACH,Salvia,Salvia 'Christine Yeo',HERB_PERENNES
TRAS,Jazmin asiatico,Trachelospermum asiaticum,TAPIZANTE/TREPADORA
UGMO,Murta,Ugni molinae,ARBUSTO
VISA,Veza común,Vicia sativa,HERB_PERENNES
WONO,Pino de Wollemi,Wollemia nobilis,CONIFERA
RDAE,Rodgersia,Rodgersia aesculifolia,CACTACEA/SUCULENTA
LYBA,Goji (Goyi),Lycium barbarum,ARBUSTO
MFLP,Manzano de flor japonés,Malus floribunda 'Profusion',FRONDOSA
PVIS,Cerezo de virginia,Prunus virginiana Shubert Select',FRONDOSA
PRYE,Cerezo Yoshino,Prunus x yedoensis,FRONDOSA
SPSA,Espirea sauce,Spiraea salicifolia,ARBUSTO
ERUM,Siete camisas,Escallonia rubra var. macrantha,ARBUSTO
IRPS,Lirio amarillo,Iris pseudacorus,HERB_PERENNES
CACI,Limpiatubos o escobillón rojo. sin: laevis,Callistemon citrinus,ARBUSTO
ERCO,Colorín,Erythrina coralloides,SUBTROPICAL/TROPICAL
PTST,Fresno chino o nuez china,Pterocarya stenoptera,FRONDOSA
TYLA,Tótora o espadaña,Typha laxmannii,HERB_PERENNES
CAMU,Marcieguilla,Carex muricata,HERB_PERENNES
RUSP,Esterilla,Ruschia sp,CACTACEA/SUCULENTA
SUVW,Lilo,Syringa vulgaris 'Pamiec o Wawilowie',ARBUSTO
LLOT,Estera de cabeza espinosa,Lomandra longifolia 'Tanika',HERB_PERENNES
STLU,Azucena amarilla,Sternbergia lutea,HERB_ANUAL
QUCO,Roble escarlata,Quercus coccinea,FRONDOSA
LAAD,Laburno de Adam,Laburnocytisus adamii,ARBUSTO
ACBA,Acacia de Cootamundra,Acacia baileyana,FRONDOSA
ABAP,Acacia de Cootamundra púrpura/Acacia baileyana 'Purpurea',Acacia baileyana 'Purpurea',FRONDOSA
ACAC,Moscón,Acer campestre 'Compactum',FRONDOSA
ACAE,Moscón,Acer campestre 'Eco Sentry',FRONDOSA
QFU,Robledilla/Quercus fruticosa,Quercus lusitanica,FRONDOSA
ACAL,Moscón,Acer campestre 'Lienco',FRONDOSA
ACAQ,Moscón,Acer campestre 'Queen Elizabeth',FRONDOSA
ACAR,Moscón,Acer campestre 'Red Shine',FRONDOSA
ANEE,Arce negundo,Acer negundo 'Elegans',FRONDOSA
ANEF,Arce negundo,Acer negundo 'Flamingo',FRONDOSA
APLC,Arce real,Acer platanoides 'Columnare',FRONDOSA
APLD,Arce real,Acer platanoides 'Deborah',FRONDOSA
APLR,Arce real,Acer platanoides 'Drummondii',FRONDOSA
APLG,Arce real,Acer platanoides 'Globosum',FRONDOSA
APLS,Are real,Acer platanoides 'Schwedleri',FRONDOSA
APSA,Falso plátano,Acer pseudoplatanus 'Atropurpureum',FRONDOSA
APSB,Falso plátano,Acer pseudoplatanus 'Brillantissimum',FRONDOSA
AFRA,Arce de Freeman,Acer x freemanii 'Armstrong',FRONDOSA
ACAB,Castaño de indias rojo,Aesculus x carnea 'Briotii',FRONDOSA
AJUO,Acacia de Constantinopla,Albizia julibrissin 'Ombrella',FRONDOSA
AJUS,Acacia de Constantinopla,Albizia julibrissin 'Summer Chocolate',FRONDOSA
AGLI,Aliso común,Alnus glutinosa 'Imperalis',FRONDOSA
AINL,Aliso blanco de hoja lobulada,Alnus incana 'Laciniata',FRONDOSA
ALJA,Aliso japonés,Alnus japonica,FRONDOSA
ASPS,Aliso híbrido,Alnus x spaethii 'Spaeth',FRONDOSA
AMLE,Guillomo americano,Amelanchier laevis,ARBUSTO
AMGR,Guillomo híbrido,Amelanchier x grandiflora,ARBUSTO
AGRR,Guillomo híbrido,Amelanchier x grandiflora 'Robin Hill',ARBUSTO
ARUR,Madroño de flor rosa,Arbutus unedo f. rubra,ARBUSTO
BEPY,Abedul de rama arqueada,Betula pendula 'Youngii',FRONDOSA
CAVD,Limpiatubos,Callistemon viminalis 'Dawson River Weeper',ARBUSTO
CAVH,Limpiatubos,Callistemon viminalis 'Hannah Ray',ARBUSTO
CAMI,Carex japonés,Carex morrowii 'Ice Dance',HERB_PERENNES
CABF,Carpe columnar,Carpinus betulus 'Fastigiata',FRONDOSA
CABA,Catalpa común,Catalpa bignonioides 'Aurea',FRONDOSA
CABN,Catalpa de bola,Catalpa bignonioides 'Nana',FRONDOSA
CAOV,Catalpa china,Catalpa ovata,FRONDOSA
CAOP,Catalpa china púrpura,Catalpa ovata 'Purpurea',FRONDOSA
CAER,Catalpa hibrida americana,Catalpa x erubescens,FRONDOSA
CECA,Árbol del amor americano,Cercis canadensis,FRONDOSA
CESA,Árbol de Judas de flor blanca,Cercis siliquastrum 'Alba',FRONDOSA
CESB,Árbol de Judas de flor rosa,Cercis siliquastrum 'Bodnant',FRONDOSA
COAC,Avellano de rama retorcida,Corylus avellana 'Contorta',ARBUSTO
COCO,Avellano turco columnar,Corylus colurna 'Obelisk',FRONDOSA
COMA,Avellano mayor,Corylus maxima,FRONDOSA
COMP,Avellano mayor púrpura,Corylus maxima 'Purpurea',FRONDOSA
CRLS,Espino de flores rojas; espino navarro,Crataegus laevigata 'Paul's Scarlet',FRONDOSA
CRLP,Espino blanco,Crataegus laevigata 'Plena',FRONDOSA
CRMS,Majuelo columnar,Crataegus monogyna 'Stricta',FRONDOSA
CRPE,Espino blanco,Crataegus persimilis,ARBUSTO
CRPS,Espino blanco,Crataegus persimilis 'Splendens',ARBUSTO
CRPG,Acerolo,Crataegus x grignonensis,ARBUSTO
CRLA,Espino híbrido,Crataegus x lavallei,ARBUSTO
EAAC,Árbol del paraíso plateado,Elaeagnus angustifolia 'Caspica',FRONDOSA
ERTR,Manzado trilobado,Elaeagnus trilobatus,FRONDOSA
FASA,Haya de hoja púrpura,Fagus sylvatica 'Atropurpurea',FRONDOSA
FASD,Haya columnar,Fagus sylvatica 'Dawyck',FRONDOSA
FAST,Haya tricolor,Fagus sylvatica 'Tricolor',FRONDOSA
FRED,Fresno común piramidal,Fraxinus excelsior 'Diversifolia',FRONDOSA
FREW,Fresno común piramidal pequeño,Fraxinus excelsior 'Westhof's Glorie',FRONDOSA
FROL,Fresno de flor ovalado,Fraxinus ornus 'Louisa Lady',FRONDOSA
FROM,Fresno de flor pequeño,Fraxinus ornus 'Mecsek',FRONDOSA
FROO,Fresno de flor estrecho,Fraxinus ornus 'Obelisk',FRONDOSA
GIBA,Ginkgo piramidal,Ginkgo biloba 'Autumn Gold',FRONDOSA
GLTD,Acacia de tres espinas piramidal,Gleditsia triacanthos 'Draves',FRONDOSA
GLTE,Acacia de tres espinas esférica,Gleditsia triacanthos 'Elegantissima',FRONDOSA
GLTR,Acacia de tres espinas sin frutos,Gleditsia triacanthos 'Rubylace',FRONDOSA
HECA,Verónica,Hebe 'Champagne',ARBUSTO
HEWH,Verónica,Hebe 'White Heather',ARBUSTO
IRTN,Lirio enano barbudo,Iris 'True Navy',HERB_PERENNES
KOBI,Árbol de la lluvia,Koelreuteria bipinnata,FRONDOSA
LIJR,Aligustre del Japón de hoja redonda,Ligustrum japonicum 'Rotundifolium',ARBUSTO
LILA,Aligustre de China de hoja variegada,Ligustrum lucidum 'Aureomarginatum',ARBUSTO
LILE,Aligustre de China de hoja variegada,Ligustrum lucidum 'Excelsum Superbum',ARBUSTO
LILT,Aligustre de China de hoja tricolor,Ligustrum lucidum 'Tricolor',ARBUSTO
LISC,Liquidambar columnar,Liquidambar styraciflua 'Compostela',FRONDOSA
LISF,Liquidambar piramidal,Liquidambar styraciflua 'Festival',FRONDOSA
LISG,Liquidambar oval,Liquidambar styraciflua 'Globosum',FRONDOSA
LISR,Liquidambar piramidal,Liquidambar styraciflua 'Lane Roberts',FRONDOSA
LISL,Liquidambar piramidal,Liquidambar styraciflua 'Levis',FRONDOSA
LISM,Liquidambar oval de hoja carnosa,Liquidambar styraciflua 'Moraine',FRONDOSA
LISP,Liquidambar columnar,Liquidambar styraciflua 'Paarl',FRONDOSA
LSPM,Liquidambar pequeño,Liquidambar styraciflua 'Palo Mariano',FRONDOSA
LQSR,Liquidambar de hoja de lóbulo redondo,Liquidambar styraciflua 'Rotundiloba',FRONDOSA
LISS,Liquidambar piramidal achaparrado,Liquidambar styraciflua 'Shannon',FRONDOSA
QIL,Encina,Quercus ilex,FRONDOSA
MADO,Manzano común,Malus domestica,FRONDOSA
MAPR,Manzano de flor,Malus 'Prairiefire',FRONDOSA
MAVE,Manzano de flor,Malus 'Van Eseltine',FRONDOSA
MARO,Manzano ornamental,Malus x robusta,FRONDOSA
MARS,Manzano ornamental de flor rosada,Malus x robusta 'Red Sentinel',FRONDOSA
MAZS,Manzano híbrido Profesor Sprenger,Malus 'Professor Sprenger',FRONDOSA
MOAM,Morera blanca de hoja grande,Morus alba 'Macrophylla',FRONDOSA
MOAP,Morera blanca columnar,Morus alba 'Pyramidalis',FRONDOSA
MOAU,Morera china,Morus australis,FRONDOSA
PAPV,Árbol del hierro,Parrotia persica 'Vanessa',FRONDOSA
PAFM,Paulonia de Fortune piramidal,Paulownia fortunei 'Minfast' Blue Fast,FRONDOSA
PODM,Álamo de Virginia,Populus deltoides subsp. monilifera,FRONDOSA
PRCA,Cerezo de Carolina,Prunus caroliniana,FRONDOSA
PRCN,Ciruelo rojo,Prunus cerasifera 'Nigra',FRONDOSA
PRCR,Ciruelo rojo,Prunus cerasifera 'Rosea',FRONDOSA
PRDF,Almendro,Prunus dulcis 'Ferraduel',FRONDOSA
PRDM,Almendro,Prunus dulcis Marcona,FRONDOSA
PRFG,Cerezo de Mongolia pequeño,Prunus x eminens 'Umbraculifera',FRONDOSA
PRLN,Laurel cerezo,Prunus laurocerasus 'Novita',ARBUSTO
PRLR,Laurel cerezo,Prunus laurocerasus 'Rotundifolia',ARBUSTO
PRLM,Palo loro de hoja estrecha,Prunus lusitanica 'Myrtifolia',ARBUSTO
PRPC,Cerezo de racimos,Prunus padus 'Colorata',FRONDOSA
PRSR,Cerezo japonés de hoja roja,Prunus serrulata 'Royal Burgundy',FRONDOSA
PRSS,Cerezo japonés de flor blanco rosada,Prunus serrulata 'Shirofugen',FRONDOSA
PRST,Cerezo japonés de flor blanca,Prunus serrulata 'Tai Haku',FRONDOSA
QURF,Roble carballo de porte estrecho,Quercus robur 'Fastigiata',FRONDOSA
TBAF,Tejo de porte estrecho,Taxus baccata 'Fastigiata',CONIFERA
PUGP,Granado de flor doble,Punica granatum 'Pleniflora',FRONDOSA
PUGN,Granado enano,Punica granatum 'Nana',FRONDOSA
PYCA,Peral de flor,Pyrus calleryana 'Aristocrat',FRONDOSA
PYCB,Peral de flor,Pyrus calleryana 'Bradford',FRONDOSA
PYCC,Peral de flor,Pyrus calleryana 'Capital',FRONDOSA
PCPR,Peral de flor,Pyrus calleryana 'President',FRONDOSA
QUHI,Roble español,Quercus x hispanica,FRONDOSA
QURK,Roble carballo de porte estrecho,Quercus robur 'Fastagiata Koster',FRONDOSA
QUSE,Quejigo híbrido con encina,Quercus x senneniana,FRONDOSA
RHTD,Zumaque de Virginia de hoja recortada,Rhus typhina 'Dissecta',ARBUSTO
RPSD,Falsa acacia,Robinia pseudoacacia 'Decaisneana',FRONDOSA
ROPP,Falsa acacia columnar,Robinia pseudoacacia 'Pyramidalis',FRONDOSA
ROPF,Falsa acacia,Robinia pseudoacacia 'Frisia',FRONDOSA
SOAM,Mostajo pequeño,Sorbus aria 'Magnifica',FRONDOSA
TITB,Tilo plateado de porte cónico,Tilia tomentosa 'Brabant',FRONDOSA
ULMU,Olmo de bola,Ulmus minor 'Umbraculifera',FRONDOSA
ULRF,Olmo resistente a la grafiosis,Ulmus x resista 'Fiorente',FRONDOSA
ULRN,Olmo resistente a la grafiosis,Ulmus x resista 'New Horizon',FRONDOSA
ULRR,Olmo resistente a la grafiosis,Ulmus x resista 'Rebona',FRONDOSA
URER,Olmo resistente a la grafiosis,Ulmus x resista 'Rebella',FRONDOSA
XCTP,Chitalpa de flor rosa,x Chitalpa tashkentensis 'Pink Dawn',FRONDOSA
PSAP,Peral de hoja de sauce llorón,Pyrus salicifolia 'Pendula',FRONDOSA
FASP,Haya de rama péndula,Fagus sylvatica 'Pendula',FRONDOSA
QURO,Encina castellana o carrasca,Quercus rotundifolia,FRONDOSA
QUII,"Alsina,  encina de hoja estrecha",Quercus ilex subsp. ilex,FRONDOSA
BETN,Agracejo púrpura enano,Berberis thunbergii 'Atropurpurea Nana',ARBUSTO
CA-056,,Agave filifera,CACTACEA/SUCULENTA
DEHY,Deucia rosa,Deutzia x hybrida,ARBUSTO
JHOA,Enebro rastrero 'Andorra Compact',Juniperus horizontalis 'Andorra Compact',CONIFERA
JHOU,Enebro rastrero 'Aurea',Juniperus horizontalis 'Aurea',CONIFERA
JPFH,Enebro de Pfitzer 'Hetzii',Juniperus x pfitzeriana 'Hetzii',CONIFERA
JPFP,Enebro de Pfitzer 'Pfitzeriana Aurea',Juniperus x pfitzeriana 'Pfitzeriana Aurea',CONIFERA
LAGM,Lavanda de hoja estrecha 'Momparler',Lavandula angustifolia 'Momparler',ARBUSTO
MMEC,Mahonia,Mahonia x media 'Charity',ARBUSTO
PRLA,Laurel cerezo,Prunus laurocerasus 'Nana',ARBUSTO
ROBF,Rosal 'Bet Figueras',Rosa 'Bet Figueras',ARBUSTO
ROIM,Rosal 'Ice Meidiland',Rosa 'Ice Meidiland',ARBUSTO
RORA,Rosal 'Knock Out',Rosa 'Knock Out',ARBUSTO
SPUN,Salguera colorada enana,Salix purpurea 'Nana',ARBUSTO
AARJ,Baby kiwi 'Jumbo',Actinidia arguta 'Jumbo',TAPIZANTE/TREPADORA
SVUP,Lilo,Syringa vulgaris 'Président Grévy',ARBUSTO
AOC,Falso castaño amarillo,Aesculus octandra,FRONDOSA
QIS,Roble cabelludo,Quercus cerris,FRONDOSA
CACK,Spirea azul 'Kew Blue',Caryopteris x clandonensis 'Kew Blue',HERB_ANUAL
SMB,,Symphoricarpos x doorenbosii 'Magic Berry',ARBUSTO
CEAM,Té de Nueva Jersey,Ceanothus americanus,ARBUSTO
CETR,Ceanoto rastrero,Ceanothus thyrsiflorus 'Repens',ARBUSTO
CSET,Ciprés común 'Totem',Cupressus sempervirens 'Totem',CONIFERA
CYR,Escoba canaria,Cytisus racemosus,ARBUSTO
DEHP,Deucia 'Perle Rose',Deutzia x hybrida 'Perle Rose',ARBUSTO
EAP,Escalonia de flor grande 'Apple Blossom',Escallonia 'Apple Blossom',ARBUSTO
EEBG,Eleagno ebbingei 'Gilt Edge',Elaeagnus x ebbingei 'Gilt Edge',ARBUSTO
HSYR,,Hibiscus syriacus 'Red Heart',ARBUSTO
ST-309,,Asarum caudatum,SUBTROPICAL/TROPICAL
ERUC,Abeto balsámico de hojas blandas,Eupatorium rugosum 'Chocolate',HERB_PERENNES
FFO,Fontanesia,Fontanesia fortunei,ARBUSTO
FOIA,Forsitia 'Aurea',Forsythia x intermedia 'Aurea',ARBUSTO
FOIG,Forsitia 'Golden Time',Forsythia x intermedia 'Golden Time',ARBUSTO
GSA,Geranio de sangre,Geranium sanguineum,HERB_PERENNES
HAA,Jara blanca,Halimium atriplicifolium,HERB_PERENNES
HEF,,Hebe floribunda,ARBUSTO
HHEM,Hiedra 'Minor',Hedera helix 'Minor',TAPIZANTE/TREPADORA
PYCR,Peral de flor,Pyrus calleryana 'Redspire',FRONDOSA
ST-308,,Fritillaria uva-vulpis,SUBTROPICAL/TROPICAL
HSYP,Rosa de Siria 'Pink Giant',Hibiscus syriacus 'Pink Giant',ARBUSTO
HYMT,Hiperico híbrido 'Tricolor',Hypericum x moserianum 'Tricolor',HERB_PERENNES
IAQA,Acebo 'Alaska',Ilex aquifolium 'Alaska',FRONDOSA
IAQR,Acebo 'Argentea Marginata',Ilex aquifolium 'Argentea Marginata',FRONDOSA
JHOB,Enebro rastrero 'Blue Chip',Juniperus horizontalis 'Blue Chip',CONIFERA
JHON,Enebro rastrero 'Andorra',Juniperus horizontalis 'Andorra',CONIFERA
JMEP,Enebro de Pfitzer 'Pfitzeriana Glauca',Juniperus x pfitzeriana 'Pfitzeriana Glauca',CONIFERA
LCAP,Madreselva azul 'Pavlovskaja',Lonicera caerulea 'Pavlovskaja',ARBUSTO
LEUZ,Leucote 'Zeblid' scarletta,Leucothoe 'Zeblid' scarletta,ARBUSTO
LINT,Árbol de Júpiter 'Turenne',Lagerstroemia indica 'Turenne',FRONDOSA
MEPU,Menta poleo,Mentha pulegium,HERB_PERENNES
MSA,Hierbabuena,Mentha x sativa,HERB_PERENNES
OHEG,Osmanthus,Osmanthus heterophyllus 'Goshiki',ARBUSTO
PBI,Bambú,Phyllostachys bissetii,HERB_PERENNES
PEKL,Salvia rusa 'lacey blue',Perovskia 'Lisslitt',HERB_PERENNES
PHST,Fuospsis,Phuopsis stylosa,HERB_PERENNES
PLUA,Palo loro de hoja estrecha,Prunus lusitanica 'Angustifolia',ARBUSTO
POPN,Fisocarpo 'Nugget',Physocarpus opulifolius 'Nugget',HERB_PERENNES
POPS,Fisocarpo 'Red Esquire',"Physocarpus opulifolius ""Red Esquire""",HERB_PERENNES
PPUG,Pícea azul del Colorado,Picea pungens 'Glauca',CONIFERA
PTVV,Pitosporo variegado,Pittosporum tenuifolium 'Variegatum',ARBUSTO
PVA,Bambú enano variegado/Pleioblastus variegatus,Pleioblastus argenteostriatus,HERB_PERENNES
QUHW,Roble Wageningen,Quercus x hispanica 'Wageningen',FRONDOSA
ROCT,Rosal 'CG Mister Lincoln M',Rosa 'CG Mister Lincoln M',ARBUSTO
ROLE,Rosal 'Laetitia Casta',Rosa 'Laetitia Casta',ARBUSTO
ROLL,Rosal 'Lolita Lempicka',Rosa 'Lolita Lempicka',ARBUSTO
ROMM,Rosal 'Mademoiselle MEILLAND',Rosa 'Mademoiselle MEILLAND',ARBUSTO
ROPU,Rosal 'Pullman Orient Express',Rosa 'Pullman Orient Express',ARBUSTO
SJAD,Espirea del Japón 'Darts Red',Spiraea japonica 'Darts Red',ARBUSTO
SJAG,Espirea del Japón 'Goldmound',Spiraea japonica 'Goldmound',ARBUSTO
SNIS,Espirea del Japón 'Snowmound',Spiraea nipponica 'Snowmound',ARBUSTO
SSAA,Espiraea sauca 'Alba',Spiraea salicifolia 'Alba',ARBUSTO
SVUA,Lilo 'Andenken an Ludwig Späth',Syringa vulgaris 'Andenken an Ludwig Späth',ARBUSTO
TBAG,Tejo 'Golden Nugget',Taxus 'Golden Nugget',CONIFERA
TOCE,Tuya occidental 'Elegantissima',Thuja occidentalis 'Elegantissima',CONIFERA
TORA,Thuja orientalis Aurea Nana,Platycladus orientalis 'Aurea Nana',CONIFERA
VMIA,Hierba doncella 'Alba',Vinca minor 'Alba',TAPIZANTE/TREPADORA
ST-307,,Fritillaria persica,SUBTROPICAL/TROPICAL
PSE,Cerezo japonés,Prunus serrulata,FRONDOSA
VOPR,Bola de nieve 'Roseum',Viburnum opulus 'Roseum',ARBUSTO
VPLM,Durillo  'Mariesii',Viburnum plicatum 'Mariesii',ARBUSTO
VPLT,Durillo tomentoso,Viburnum plicatum var. tomentosum,ARBUSTO
VTIL,Durillo 'Lucidum',Viburnum tinus 'Lucidum',ARBUSTO
VVIC,Vid 'Cardinal',Vitis vinifera 'Cardinal',ARBUSTO
VVIF,Vid 'Flame Seedless',Vitis vinifera 'Flame Seedless',ARBUSTO
VVII,Vid 'Italica',Vitis vinifera 'Italica',ARBUSTO
PLA,Laurel cerezo,Prunus laurocerasus,ARBUSTO
VVIM,Vid 'Moscatel de Malaga',Vitis vinifera 'Moscatel de Malaga',ARBUSTO
VVIS,Vid 'Silvestre',Vitis vinifera 'Silvestre',ARBUSTO
VVIT,Vid 'Teta de vaca',Vitis vinifera 'Teta de vaca',ARBUSTO
TRX,,Trimezia sp,
VIS,Veza,Vicia sp.,HERB_PERENNES
CPLM,Lilo de California híbrido,Ceanothus x pallidus 'Marie Simon',ARBUSTO
SJAP,Acacia del Japón/Sophora japonica 'Fleright' PRINCETON UPRIGHT,"Styphnolobium japonicum ""Fleright' PRINCETON UPRIG",FRONDOSA
GAAR,Gallardia aristada,Gaillardia aristata,HERB_PERENNES
PAPA,Bignonia trepadora,Pandorea pandorana,TAPIZANTE/TREPADORA
AGST,Jopillo,Agrostis stolonifera,HERB_PERENNES
TVU,Tomillo,Thymus vulgaris,HERB_PERENNES
AHA,Orgaza,Atriplex halimus,ARBUSTO
CDE,Cedro llorón,Cedrus deodara,CONIFERA
PLE,Lentisco,Pistacia lentiscus,ARBUSTO
BSE,Boj,Buxus sempervirens,ARBUSTO
JNI,Nogal negro,Juglans nigra,FRONDOSA
MPO,Naranjo de Luisiana,Maclura pomifera,FRONDOSA
OEU,Olivo,Olea europaea,FRONDOSA
SAX,Sauces,Salix sp,FRONDOSA
PNII,Chopo lombardo,Populus nigra 'Italica',FRONDOSA
AXA,Castaño de Indias rojo,Aesculus x carnea,FRONDOSA
BBV,Agracejo,Berberis vulgaris,ARBUSTO
CPS,Alcaparro,Capparis spinosa,HERB_PERENNES
CLF,Avena mar del norte,Chasmanthium latifolium,HERB_PERENNES
CAV,Avellano,Corylus avellana,ARBUSTO
EUPE,Margarita amarilla,Euryops pectinatus,HERB_PERENNES
GFA,Gatiña,Genista falcata,ARBUSTO
HYX,Hipérico,Hypericum sp,HERB_PERENNES
LSC,Espigosa,spicata,HERB_PERENNES
PGC,Picea blanca,Picea glauca,CONIFERA
POPR,Poa de los prados,Poa pratensis,HERB_PERENNES
PTZ,Helecho temblón,Pteris sp,HERB_PERENNES
RGE,Falsa acacia 'Casque Rouge',Robinia x margaretta 'Casque Rouge',FRONDOSA
SGR,Salvia de otoño,Salvia greggii,HERB_PERENNES
SOM,Trompetas,Solandra maxima,TAPIZANTE/TREPADORA
TPA,Taray de flores pequeñas,Tamarix parviflora,ARBUSTO
VACO,Arándano,Vaccinium corymbosum,ARBUSTO
LPR,Lipia/Lippia repens,Phyla nodiflora,HERB_PERENNES
ROAM,Rosal 'Amanecer',Rosa 'Amanecer',ARBUSTO
RORD,Rosal 'Red Drift',Rosa 'Red Drift',ARBUSTO
BSES,Boj enano; Buxus sempervirens 'Globosa',Buxus sempervirens Suffruticosa',ARBUSTO
MPEE,Manzano de flor evereste,Malus 'Evereste',FRONDOSA
AHIP,Castaño de indias,Aesculus hippocastanum 'Pyramidalis',FRONDOSA
GIBF,Ginkgo columnar,Ginkgo biloba 'Fastigiata',FRONDOSA
ACCH,Kiwi amarillo,Actinidia chinensis,TAPIZANTE/TREPADORA
EPUM,Maculata aurea,Elaeagnus pungens 'Maculata',ARBUSTO
HSYL,Rosa de Siria 'Lavander Chifon',Hibiscus syriacus 'Lavander Chifon',ARBUSTO
MSU,Marrubio,Marrubium supinum,HERB_PERENNES
POPM,Fisocarpo 'Midnight',"Physocarpus opulifolius ""Midniht""",HERB_PERENNES
ROPA,Rosal 'Pau Casals',Rosa 'Pau Casals',ARBUSTO
TBAN,Tejo enano,Taxus baccata 'Nana',CONIFERA
CADA,Libocedro de California 'Aureovariegata',Calocedrus decurrens 'Aureovariegata',CONIFERA
EEBV,Eleagno ebbingei 'Viveleg',Elaeagnus x ebbingei 'Viveleg',ARBUSTO
HSYC,Rosa de Siria 'China Chiffon',Hibiscus syriacus 'China Chiffon',ARBUSTO
JHOP,Enebro rastrero 'Prince of Wales',Juniperus horizontalis 'Prince of Wales',CONIFERA
OHEV,Osmanthus variegado,Osmanthus heterophyllus  'Variegatus',ARBUSTO
POPL,Fisocarpo 'Lady in Red',"Physocarpus opulifolius ""Lady in Red""",HERB_PERENNES
RFRT,Zarzamora inerme,Rubus fruticosus 'Thornfree',ARBUSTO
SCHS,Lilo,Syringa x chinensis 'Saugeana',ARBUSTO
SSAP,Espiraea sauca 'Pink Innocence',Spiraea salicifolia 'Pink Innocence',ARBUSTO
WEFV,Veigela 'Variegata',Weigela florida 'Variegata',ARBUSTO
DER,Helecho de otoño,Dryopteris erythrosora,HERB_PERENNES
OPJ,Convolaria,Ophiopogon japonicus,HERB_PERENNES
LOR,Ortiga muerta,Lamium orvala,HERB_PERENNES
CIC,Jara rizada,Cistus crispus,ARBUSTO
CIMO,Jaguarzo negro,Cistus monspeliensis,ARBUSTO
CICM,Romero macho,Cistus clusii subsp multiflorus,ARBUSTO
EAR,Brezo arbóreo,Erica arborea,ARBUSTO
LSOP,Cantueso,Lavandula stoechas subsp pedunculata,ARBUSTO
LIM,Madreselva mediterránea,Lonicera implexa,TAPIZANTE/TREPADORA
LXL,Madreselva,Lonicera x xylosteoides,TAPIZANTE/TREPADORA
MOA,Berza arvense,Moricandia arvensis,HERB_PERENNES
RLY,Espino negro,Rhamnus lycioides,ARBUSTO
CYF,Helecho acebo,Cyrtomium falcatum,SUBTROPICAL/TROPICAL
PRDG,Almendro,Prunus dulcis 'Ferragnès',FRONDOSA
PRDD,Almendro,Prunus dulcis 'Desmayo Rojo',FRONDOSA
LOM,Aliso de mar,Lobularia maritima,HERB_PERENNES
HIZ,Hibisco,Hibiscus sp,ARBUSTO
MEC,Espiguilla de seda,Melica ciliata,HERB_PERENNES
VBO,Verbena,Verbena bonariensis,HERB_PERENNES
CLAL,Clemátide alpina,Clematis alpina,TAPIZANTE/TREPADORA
EDSP,Arbusto de papel,Edgeworthia sp,ARBUSTO
FASV,Haya variegada,Fagus sylvatica f. variegata,FRONDOSA
HDCV,Hiedra canaria variegada,Hedera canariensis f. variegata,TAPIZANTE/TREPADORA
HQR,Hortensia hoja de roble,Hydrangea quercifolia,ARBUSTO
HJA,Hortensia del Japón,Hydrangea japonica,ARBUSTO
LOA,Madreselva arbórea,Lonicera arborea,ARBUSTO
ST-305,,Astragalus mongholicus,SUBTROPICAL/TROPICAL
LOCH,Loropétalo,Loropetalum chinense,ARBUSTO
LOSP,Loropétalo,Loropetalum sp,ARBUSTO
MHY,Manzano,Malus hybrida,FRONDOSA
PAJA,Bignonia blanca,Pandorea jasminoides,TAPIZANTE/TREPADORA
PITM,Pitosporo,Pittosporum mayi,ARBUSTO
PHTA,Formio purpúrea,Phormium tenax 'Purpureum',HERB_PERENNES
SNIB,Saúco,Sambucus nigra 'Eva' Black Lace,ARBUSTO
SYM,Lilo de hoja estrecha,Syringa microphylla,ARBUSTO
VIC,Viburno,Viburnum carlesii,ARBUSTO
WEJ,Veigelia del Japón,Weigela japonica,ARBUSTO
BRSP,Palmera,Brahea sp,PALMACEA
HKG,Hipérico,Hypericum kalmianum 'Gemo',HERB_PERENNES
LJV,Aligustre variegado,Ligustrum japonicum 'Variegatum',ARBUSTO
PEL,Cornocal,Periploca laevigata,ARBUSTO
PHY,Planta obediente,Physostegia virginiana,HERB_PERENNES
AFF,Helecho hembra,Athyrium filix-femina,HERB_PERENNES
RSW,Rosa 'Swany',Rosa 'Swany',ARBUSTO
RKL,Rosa Cleopatra,Rosa 'Kleopatra',ARBUSTO
RAM,Rosa Alba Meiland,Rosa 'Alba Meilland',ARBUSTO
RAB,Rosa Albertina,Rosa 'Albertine',ARBUSTO
RALC,Rosa Alcantara,Rosa 'Alcantara',ARBUSTO
RASG,Rosa Alister Estela,Rosa 'Alister Stella Gray',ARBUSTO
RALN,Rosa ‘André le Nôtre’,Rosa 'André le Nôtre',ARBUSTO
ROAN,Rosa Ángela,Rosa 'Angela',ARBUSTO
RAPA,Rosa Apache,Rosa 'Apache',ARBUSTO
RBN,Rosa banksie,Rosa banksiae 'Normalis',ARBUSTO
RBA,Rosa Basino,Rosa 'Bassino',ARBUSTO
RBR,Rosa bracteata,Rosa bracteata,ARBUSTO
RCAM,Rosa Campanile,Rosa 'Campanile',ARBUSTO
RCAN,Rosa Candy 92,Rosa 'Candy 92',ARBUSTO
RCF,Rosa Céline Forestier,Rosa 'Céline Forestier',ARBUSTO
ROCO,Rosa Cornelia,Rosa 'Cornelia',ARBUSTO
RCOR,Rosa corimbífera,Rosa corymbifera,ARBUSTO
RCOS,Rosa Cosmos,Rosa 'Cosmos',ARBUSTO
RCC,Rosa Cristóbal Colon,Rosa 'Cristóbal Colon',ARBUSTO
RDD,Rosa Dapple Dawn,Rosa 'Dapple Dawn',ARBUSTO
RDG,Rosa Denise Grey,Rosa 'Denise Grey',ARBUSTO
RDH,,Rosa 'Dr. Huey',ARBUSTO
RER,Rosa Eden Rose,Rosa 'Eden Rose',ARBUSTO
RES,Rosa Esmeralda,Rosa 'Esmeralda',ARBUSTO
RFE,Rosa Felicia,Rosa 'Felicia',ARBUSTO
RFP,,Rosa 'Félicité et Perpétue',ARBUSTO
RFL,Rosa ‘Fleurette’,Rosa 'Fleurette',ARBUSTO
RFF,Rosa ‘Frisson Frais’,Rosa 'Frisson Frais',ARBUSTO
RFN,Rosa ‘Fritz Nobis’,Rosa 'Fritz Nobis',ARBUSTO
RGN,Rosa 'Gina',Rosa 'Gina',ARBUSTO
RGF,Rosa ‘Ghislaine d’Feligonde’,Rosa 'Ghislaine d'Feligonde',ARBUSTO
ROH,Rosa ‘Haëndel’,Rosa 'Haëndel',ARBUSTO
CA-057,,Agave fourcroydes,CACTACEA/SUCULENTA
RKS,Rosa ‘Karine Sauvageot’,Rosa 'Karine Sauvageot',ARBUSTO
RMOR,Rosa ‘La Mortola’,Rosa 'La Mortola',TAPIZANTE/TREPADORA
RRN,,Rosa 'Le Rouge et le Noire',ARBUSTO
RQS,Rosa cuatro estaciones,Rosa 'Les Quatre Saisons',ARBUSTO
E036,Rosal 'Wettra',Rosa 'Wettra',ARBUSTO
RMA,Rosa ‘Manneti’,Rosa 'Manneti',ARBUSTO
RME,Rosa sirena,Rosa 'Mermaid',TAPIZANTE/TREPADORA
RMI,Rosa micrantha,Rosa micrantha Borrer ex Sm.,ARBUSTO
RMIG,Rosa ‘Mignonne’,Rosa 'Mignonne',ARBUSTO
RMGS,Rosa ‘Mme. Gregorie Staechelin’,Rosa 'Mme. Gregorie Staechelin',ARBUSTO
RMR,,Rosa 'Marondo',ARBUSTO
PCA,Álamo gris,Populus x canescens,FRONDOSA
RPE,Rosa 'Penélope',Rosa 'Penélope',ARBUSTO
RPI,Rosa ‘Piadem’,Rosa 'Piadem',ARBUSTO
RPB,Rosa ‘Pink Bassino’,Rosa 'Pink Bassino',ARBUSTO
PJA,Pieris,Pieris japonica,ARBUSTO
RPOM,Rosa ‘Pomponella’,Rosa 'Pomponella',ARBUSTO
RQN,Rosa Reina Nefertiti,Rosa 'Queen Nefertiti',ARBUSTO
RRM,Rosa ‘Red Meidiland’,Rosa 'Red Meidiland',ARBUSTO
RRL,Rosa ‘Rosarelle de L’hay’,Rosa 'Rosarelle de L'hay',ARBUSTO
RRP,Rosa ‘Rose da Peche’,Rosa 'Rose da Peche',ARBUSTO
RRO,Rosa ‘Roseromantic’,Rosa 'Roseromantic',ARBUSTO
RRC,,Rosa 'Roundelay Climbing',ARBUSTO
RRU,Rosa rugosa,Rosa rugosa,ARBUSTO
RSE,Rosa sempervirens,Rosa sempervirens,TAPIZANTE/TREPADORA
RSC,Rosa ‘Scheneewittchen’,Rosa 'Scheneewittchen',ARBUSTO
RSU,Rosa ‘Suma’,Rosa 'Suma',ARBUSTO
RSCO,Rosa ‘Supreme Cover’,Rosa 'Supreme Cover',ARBUSTO
PBE,Celindo 'Belle Etoile',Philadelphus 'Belle Etoile',ARBUSTO
RTA,Rosa ‘Tour-Alwe’,Rosa 'Tour-Alwe',ARBUSTO
RVEN,Rosa Venus,Rosa 'Venus',ARBUSTO
RVI,Rosa Viridifolia,Rosa 'Viridifolia',ARBUSTO
RWEI,Rosa ‘Weichemblaw’,Rosa 'Weichemblaw',ARBUSTO
RWHE,Rosa ‘White Ensing’,Rosa 'White Ensing',ARBUSTO
CTR,Olivilla,Cneorum tricoccon,HERB_PERENNES
PORA,Árbol de la Vida,Platycladus orientalis 'Aurea',CONIFERA
CLUP,Ciprés de Portugal pendula,Cupressus lusitanica 'Glauca Pendula',CONIFERA
UJH,Olmo Jaqueline Hilier,Ulmus minor 'Jacqueline Hillier',FRONDOSA
HCD,Hiedra persa variegada,Hedera colchica 'Dentata Variegata',TAPIZANTE/TREPADORA
AHT,Acacia de copa plana/Acacia heteracantha,Acacia tortilis subsp. heteracantha,FRONDOSA
BCE,Abedul celtibérico/Betula celtiberica,Betula pubescens subsp. celtiberica,FRONDOSA
CAM,Consolda/Consolida ambigua,Consolida ajacis,HERB_PERENNES
CGR,Pomelo chino/Citrus grandis,Citrus maxima,FRONDOSA
CTU,Jara/Cistus tauricus,Cistus creticus subsp. eriocephalus,ARBUSTO
SCP,Tomatito/Solanum capsicastrum,Solanum pseudocapsicum var. diflorum,ARBUSTO
SHO,Junco común/Scirpus holoschoenus,Scirpoides holoschoenus,HERB_PERENNES
VCA,Verbena/Verbena canadensis,Glandularia canadensis,HERB_PERENNES
ST-158,,Abutilon megapotamicum,ARBUSTO
TR-250,,Acalypha chamaedrifolia,SUBTROPICAL/TROPICAL
TR-252,,Acalypha wilkesiana 'Hoffmannii',SUBTROPICAL/TROPICAL
CA-085,,Acanthocalycium spiniflorum,CACTACEA/SUCULENTA
CA-086,,Acanthocereus tetragonus 'Fary Castle',CACTACEA/SUCULENTA
TR-260,,Achimenes erecta,HERB_PERENNES
CA-030,,Adenium obesum,CACTACEA/SUCULENTA
CA-301,,Adromischus cooperi,CACTACEA/SUCULENTA
CA-302,,Adromischus maculatus,CACTACEA/SUCULENTA
TR-175,,Aechmea blanchetiana,SUBTROPICAL/TROPICAL
TR-177,,Aechmea candida,SUBTROPICAL/TROPICAL
TR-179,,Aechmea fasciata,SUBTROPICAL/TROPICAL
TR-181,,Aechmea gamosepala,SUBTROPICAL/TROPICAL
ST-086,,Aechmea pineliana var. pineliana,SUBTROPICAL/TROPICAL
TR-183,,Aechmea recurvata,SUBTROPICAL/TROPICAL
TR-176,,Aechmea 'Blue Tango',SUBTROPICAL/TROPICAL
TR-180,,Aechmea 'Friederike',SUBTROPICAL/TROPICAL
CA-303,,Aeonium arboreum,CACTACEA/SUCULENTA
CA-304,,Aeonium haworthii 'Kiwi',CACTACEA/SUCULENTA
CA-305,,Aeonium leucoblepharum,CACTACEA/SUCULENTA
TR-263,,Aeschynanthus pulcher,SUBTROPICAL/TROPICAL
TR-261,,Aeschynanthus longicaulis,SUBTROPICAL/TROPICAL
CA-050,,Agave attenuata subsp. dentata,CACTACEA/SUCULENTA
CA-051,,Agave colorata,CACTACEA/SUCULENTA
CA-052,,Agave cundinamarcensis,CACTACEA/SUCULENTA
CA-053,,Agave cupreata,CACTACEA/SUCULENTA
CA-054,,Agave desmettiana,CACTACEA/SUCULENTA
CA-058,,Agave geminiflora,CACTACEA/SUCULENTA
CA-059,,Agave macroacantha,CACTACEA/SUCULENTA
CA-060,,Agave parrasana 'Meat Claw',CACTACEA/SUCULENTA
CA-061,,Agave parryi var. truncata,CACTACEA/SUCULENTA
CA-062,,Agave striata,CACTACEA/SUCULENTA
PCU,Pasionaria,Passiflora caerulea,TAPIZANTE/TREPADORA
CA-064,,Agave victoriae-reginae,CACTACEA/SUCULENTA
TR-230,,Ageratina adenophora,HERB_PERENNES
ST-165,,Aglaia odorata,SUBTROPICAL/TROPICAL
TR-060,,Aglaonema commutatum 'María',SUBTROPICAL/TROPICAL
TR-061,,Aglaonema commutatum 'Silver Queen',SUBTROPICAL/TROPICAL
TR-062,,Aglaonema crispum,SUBTROPICAL/TROPICAL
ST-020,,Allamanda cathartica,SUBTROPICAL/TROPICAL
PPR,Árbol de hierro,Parrotia persica,FRONDOSA
TR-080,,Alocasia brisbanensis,HERB_PERENNES
TR-063,,Alocasia gageana,HERB_PERENNES
TR-081,,Alocasia sanderiana,HERB_PERENNES
D068A,Rosal 'Roundelay',Rosa 'Roundelay',ARBUSTO
CA-387,,Aloe arborescens,CACTACEA/SUCULENTA
CA-389,,Aloe bakeri,CACTACEA/SUCULENTA
CA-390,,Aloe brevifolia,CACTACEA/SUCULENTA
CA-391,,Aloe broomii,CACTACEA/SUCULENTA
CA-392,,Aloe 'Dannyz',CACTACEA/SUCULENTA
CA-249,,Parodia schumanniana,CACTACEA/SUCULENTA
CA-394,,Aloe distans,CACTACEA/SUCULENTA
CA-395,,Aloe ferox,CACTACEA/SUCULENTA
CA-396,,Aloe humilis,CACTACEA/SUCULENTA
CA-397,,Aloe lutescens,CACTACEA/SUCULENTA
CA-398,,Aloe maculata,CACTACEA/SUCULENTA
TR-021,,Pachystachys coccinea,SUBTROPICAL/TROPICAL
CA-400,,Aloe melanacantha,CACTACEA/SUCULENTA
CA-401,,Aloe peglerae,CACTACEA/SUCULENTA
CA-402,,Aloe perfoliata,CACTACEA/SUCULENTA
CA-403,,Aloe squarrosa,CACTACEA/SUCULENTA
CA-404,,Aloe striata,CACTACEA/SUCULENTA
CA-406,,Aloe variegata,CACTACEA/SUCULENTA
CA-407,,Aloe vera,CACTACEA/SUCULENTA
CA-408,,Aloe x spinosissima,CACTACEA/SUCULENTA
TR-422,,Alpinia caerulea 'Red',SUBTROPICAL/TROPICAL
TR-424,,Alpinia nutas,SUBTROPICAL/TROPICAL
TR-300,,Alyogyne huegelii,SUBTROPICAL/TROPICAL
CA-025,,Anacampseros telephiastrum 'Variegata',CACTACEA/SUCULENTA
TR-041,,Anacardium occidentale,SUBTROPICAL/TROPICAL
TR-185,,Ananas bracteatus,SUBTROPICAL/TROPICAL
TR-186,,Ananas comosus,SUBTROPICAL/TROPICAL
TR-066,,Anthurium andraeanum,SUBTROPICAL/TROPICAL
TR-082,,Anthurium scherzerianum,SUBTROPICAL/TROPICAL
TR-067,,Anthurium schlechtendalii,SUBTROPICAL/TROPICAL
ST-189,,Antigonon leptopus,SUBTROPICAL/TROPICAL
TR-024,,Aphelandra squarrosa,SUBTROPICAL/TROPICAL
ST-076,,Arctotis x hybrida,SUBTROPICAL/TROPICAL
ST-191,,Ardisia crenata,SUBTROPICAL/TROPICAL
TR-376,,Ardisia polycephala,SUBTROPICAL/TROPICAL
CA-385,,Argania spinosa,CACTACEA/SUCULENTA
CA-087,,Ariocarpus agavoides,CACTACEA/SUCULENTA
CA-089,,Ariocarpus retusus,CACTACEA/SUCULENTA
ST-059,,Aristolochia littoralis,SUBTROPICAL/TROPICAL
TR-341,,Artocarpus heterophyllus,SUBTROPICAL/TROPICAL
TR-050,,Asclepias curassavica,HERB_PERENNES
ST-062,,Asparagus densiflorus 'Myers',HERB_PERENNES
ST-063,,Asparagus densiflorus 'Sprengeri',HERB_PERENNES
ST-064,,Asparagus falcatus,HERB_PERENNES
TR-143,,Asparagus setaceus,HERB_PERENNES
ST-065,,Asparagus umbellatus,HERB_PERENNES
TR-145,,Asplenium nidus,SUBTROPICAL/TROPICAL
ST-075,,Asplenium scolopendrium,SUBTROPICAL/TROPICAL
CA-091,,Astrophytum ornatum,CACTACEA/SUCULENTA
CA-092,,Austrocylindropuntia salmiana,CACTACEA/SUCULENTA
CA-093,,Austrocylindropuntia subulata,CACTACEA/SUCULENTA
TR-353,,Averrhoa carambola,SUBTROPICAL/TROPICAL
TR-367,,Bacopa monnieri,SUBTROPICAL/TROPICAL
ST-155,,Bauhinia variegata,FRONDOSA
ST-067,,Beaucarnea recurvata,SUBTROPICAL/TROPICAL
TR-151,,Begonia 'Gryphon',HERB_ANUAL
TR-152,,Begonia angularis,HERB_ANUAL
TR-150,,Begonia boliviensis,HERB_ANUAL
TR-149,,Begonia 'Dragon Wing',HERB_ANUAL
TR-154,,Begonia foliosa,HERB_ANUAL
TR-155,,Begonia fuchsioides,HERB_ANUAL
TR-156,,Begonia incarnata,HERB_ANUAL
TR-153,,Begonia maculata,HERB_ANUAL
TR-157,,Begonia rex,HERB_ANUAL
TR-158,,Begonia solimutata,HERB_ANUAL
TR-159,,Begonia 'Sophia Cecile',HERB_ANUAL
ST-198,,Bencomia caudata,SUBTROPICAL/TROPICAL
ST-087,,Billbergia nutans 'Windii',SUBTROPICAL/TROPICAL
TR-102,,Bismarckia nobilis,SUBTROPICAL/TROPICAL
CA-244,,Pachycereus weberi,CACTACEA/SUCULENTA
TR-170,,Blechnum gibbum,SUBTROPICAL/TROPICAL
CA-020,,Boophone disticha,CACTACEA/SUCULENTA
CA-094,,Brasiliopuntia brasiliensis,CACTACEA/SUCULENTA
TR-018,,Brillantaisia ulugurica,SUBTROPICAL/TROPICAL
TR-400,,Browallia speciosa,SUBTROPICAL/TROPICAL
CA-240,,Oreocereus celsianus,CACTACEA/SUCULENTA
TR-397,,Brunfelsia pauciflora,SUBTROPICAL/TROPICAL
CA-306,,Bryophyllum delagoense,CACTACEA/SUCULENTA
CA-307,,Bryophyllum pinnatum,CACTACEA/SUCULENTA
TR-214,,Bucida buceras,SUBTROPICAL/TROPICAL
TR-297,,Bunchosia argentea,SUBTROPICAL/TROPICAL
ST-042,,Butia paraguayensis,PALMACEA
OPX,Pencas,Opuntia sp,CACTACEA/SUCULENTA
TR-310,,Calathea ornata,SUBTROPICAL/TROPICAL
TR-318,,Calathea picturata,SUBTROPICAL/TROPICAL
TR-316,,Calathea roseopicta,SUBTROPICAL/TROPICAL
TR-311,,Calathea rufibarba 'Wavestar',SUBTROPICAL/TROPICAL
CA-065,,Calibanus hookeri,CACTACEA/SUCULENTA
OLF,Olivo dulce,Olea fragans,FRONDOSA
TR-280,,Calliandra tweedii,SUBTROPICAL/TROPICAL
TR-227,,Callisia fragans,SUBTROPICAL/TROPICAL
TR-218,,Callisia repens,SUBTROPICAL/TROPICAL
ST-226,,Camellia sinensis,ARBUSTO
TR-187,,Canistrum fragrans,SUBTROPICAL/TROPICAL
TR-210,,Carica papaya,SUBTROPICAL/TROPICAL
ST-180,,Ochna kirkii,SUBTROPICAL/TROPICAL
CA-096,,Carnegiea gigantea,CACTACEA/SUCULENTA
TR-103,,Caryota mitis,SUBTROPICAL/TROPICAL
TR-029,,Celosia argentea,SUBTROPICAL/TROPICAL
CA-097,,Cephalocereus senilis,CACTACEA/SUCULENTA
CA-098,,Cereus forbesii  'Spiralis',CACTACEA/SUCULENTA
CA-102,,Cereus stenogonus,CACTACEA/SUCULENTA
TR-052,,Ceropegia woodii,SUBTROPICAL/TROPICAL
TR-399,,Cestrum × cultum,SUBTROPICAL/TROPICAL
ST-220,,Chaenostoma cordatum,SUBTROPICAL/TROPICAL
TR-104,,Chamaedorea cataractarum,SUBTROPICAL/TROPICAL
TR-106,,Chamaedorea metallica,SUBTROPICAL/TROPICAL
ST-043,,Chambeyronia macrocarpa,SUBTROPICAL/TROPICAL
TR-131,cinta rayada o variegata,Chlorophytum orchidastrum,HERB_PERENNES
TR-430,,Chrysophyllum cainito,SUBTROPICAL/TROPICAL
TR-279,,Cinnamomum verum,FRONDOSA
ST-230,,Cissus antartica,SUBTROPICAL/TROPICAL
ST-231,,Cissus cactiformis,SUBTROPICAL/TROPICAL
ST-232,,Cissus verticillata,SUBTROPICAL/TROPICAL
ST-203,,Citrus aurantifolia,FRONDOSA
ST-204,,Citrus australasica,FRONDOSA
ST-205,,Citrus australasica 'Faustrimedin',FRONDOSA
ST-206,,Citrus hystrix,FRONDOSA
ST-207,,Citrus japonica,FRONDOSA
ST-208,,Citrus limonia 'Rangpur',FRONDOSA
ST-210,,Citrus medica 'Sarcodactylis',FRONDOSA
ST-213,,Citrus x japonica 'Mandarinquat Nippon',FRONDOSA
ST-214,,Citrus x floridiana,FRONDOSA
ST-211,,Citrus x microcarpa,FRONDOSA
CA-103,,Cleistocactus hyalacanthus,CACTACEA/SUCULENTA
CA-104,,Cleistocactus orthogonus,CACTACEA/SUCULENTA
CA-105,,Cleistocactus samaipatanus,CACTACEA/SUCULENTA
CA-106,,Cleistocactus sp,CACTACEA/SUCULENTA
CA-108,,Cleistocactus tupizensis,CACTACEA/SUCULENTA
CA-109,,Cleistocactus winteri,CACTACEA/SUCULENTA
CA-110,,Cleistocactus winteri f. cristata,CACTACEA/SUCULENTA
ST-141,,Clerodendrum chinense,SUBTROPICAL/TROPICAL
TR-268,,Clerodendrum paniculatum,SUBTROPICAL/TROPICAL
TR-269,,Clerodendrum thomsoniae,SUBTROPICAL/TROPICAL
ST-008,,Clivia miniata,HERB_PERENNES
TR-377,,Coccoloba uvifera,SUBTROPICAL/TROPICAL
CA-111,,Cochemiea poselgeri,CACTACEA/SUCULENTA
TR-385,,Coffea arabica,SUBTROPICAL/TROPICAL
TR-068,,Colocasia esculenta 'Black Magic',SUBTROPICAL/TROPICAL
ST-100,,Convolvulus floridus,TAPIZANTE/TREPADORA
TR-109,,Copernicia alba,SUBTROPICAL/TROPICAL
CA-112,,Copiapoa montana subsp. grandiflora,CACTACEA/SUCULENTA
TR-132,,Cordyline fruticosa 'Attom',SUBTROPICAL/TROPICAL
TR-133,,Cordyline fruticosa 'Kiwi',SUBTROPICAL/TROPICAL
TR-134,,Cordyline fruticosa 'Naomi',SUBTROPICAL/TROPICAL
CA-114,,Coryphantha cornifera,CACTACEA/SUCULENTA
CA-113,,Coryphantha kracikii,CACTACEA/SUCULENTA
CA-115,,Coryphantha pycnacantha,CACTACEA/SUCULENTA
TR-240,,Costus amazonicus,SUBTROPICAL/TROPICAL
TR-241,,Costus barbatus,SUBTROPICAL/TROPICAL
CA-308,,Cotyledon tomentosa subsp. ladismithiensis,CACTACEA/SUCULENTA
CA-229,,Neobuxbaumia tetezo,CACTACEA/SUCULENTA
CA-310,,Cotyledon orbiculata var. oblonga,CACTACEA/SUCULENTA
TR-410,,Coussapoa microcarpa,SUBTROPICAL/TROPICAL
TR-411,,Coussapoa villosa,SUBTROPICAL/TROPICAL
CA-312,,Crassula exilis,CACTACEA/SUCULENTA
TR-391,,Murraya paniculata,SUBTROPICAL/TROPICAL
CA-314,,Crassula mucosa,CACTACEA/SUCULENTA
CA-315,,Crassula ovata,CACTACEA/SUCULENTA
CA-316,,Crassula ovata 'Gollum',CACTACEA/SUCULENTA
CA-317,,Crassula ovata 'Hummel´s Sunset',CACTACEA/SUCULENTA
CA-318,,Crassula rupestris,CACTACEA/SUCULENTA
CA-319,,Crassula sarmentosa 'Variegata',CACTACEA/SUCULENTA
MKA,Morera japonesa,Morus kagayamae,FRONDOSA
TR-037,,Crinum x amabile,SUBTROPICAL/TROPICAL
TR-036,,Crinum asiaticum,SUBTROPICAL/TROPICAL
ST-010,,Crinum x powellii,SUBTROPICAL/TROPICAL
TR-001,,Crossandra infundibuliformis,SUBTROPICAL/TROPICAL
TR-188,,Cryptanthus bivittatus,SUBTROPICAL/TROPICAL
TR-320,,Medinilla magnifica,SUBTROPICAL/TROPICAL
TR-313,,Ctenanthe lubbersiana,SUBTROPICAL/TROPICAL
TR-290,,Cuphea hyssopifolia,SUBTROPICAL/TROPICAL
TR-291,,Cuphea ignea,SUBTROPICAL/TROPICAL
TR-293,,Cuphea llavea 'Sriracha',SUBTROPICAL/TROPICAL
ST-237,,Curcuma longa,SUBTROPICAL/TROPICAL
ST-094,,Cyanotis robusta,SUBTROPICAL/TROPICAL
TR-219,,Cyanotis somaliensis,SUBTROPICAL/TROPICAL
TR-368,Limonaria,Cymbopogon citratus,SUBTROPICAL/TROPICAL
TR-243,,Cyperus haspan,HERB_PERENNES
TR-244,,Cyperus papyrus,HERB_PERENNES
TR-401,Tamarillo,Cyphomandra betacea,SUBTROPICAL/TROPICAL
TR-254,,Dalechampia dioscoreifolia,SUBTROPICAL/TROPICAL
CA-066,,Dasylirion acrotrichum,CACTACEA/SUCULENTA
CA-067,,Dasylirion serratifolium,CACTACEA/SUCULENTA
TR-245,,Davallia trichomanoides,SUBTROPICAL/TROPICAL
ST-096,,Delairea odorata,SUBTROPICAL/TROPICAL
CA-002,,Delosperma echinatum,CACTACEA/SUCULENTA
CA-004,,Delosperma sphalmantoides,CACTACEA/SUCULENTA
CA-080,,Deuterocohnia brevifolia,CACTACEA/SUCULENTA
TR-420,,Dianella tasmanica 'Variegata',HERB_PERENNES
TR-220,,Dichorisandra thyrsiflora,SUBTROPICAL/TROPICAL
ST-104,,Rhynchospora latifolia,HERB_PERENNES
ST-106,,Dicksonia squarrosa,SUBTROPICAL/TROPICAL
TR-069,,Dieffenbachia seguine,SUBTROPICAL/TROPICAL
TR-392,,Dimocarpus longan,SUBTROPICAL/TROPICAL
ST-234,,Dioon spinulosum,SUBTROPICAL/TROPICAL
CA-349,,Dioscorea elephantipes,CACTACEA/SUCULENTA
TR-248,,Diospyros digyna,FRONDOSA
TR-053,,Dischidia ruscifolia,SUBTROPICAL/TROPICAL
TR-259,,Dovyalis caffra,SUBTROPICAL/TROPICAL
TR-135,,Dracaena arborea,SUBTROPICAL/TROPICAL
TR-138,,Dracaena fragans,SUBTROPICAL/TROPICAL
TR-136,,Dracaena fragans 'Janet Craig',SUBTROPICAL/TROPICAL
TR-139,,Dracaena fragans 'Lindeni',SUBTROPICAL/TROPICAL
TR-141,,Dracaena reflexa 'Song of India',SUBTROPICAL/TROPICAL
TR-142,,Dracaena surculosa,SUBTROPICAL/TROPICAL
CA-005,,Drosanthemum floribundum,CACTACEA/SUCULENTA
CA-006,,Drosanthemum speciosum,CACTACEA/SUCULENTA
ST-046,,Dypsis pembana,SUBTROPICAL/TROPICAL
CA-321,,Echeveria elegans,CACTACEA/SUCULENTA
CA-323,,Echeveria liliacina,CACTACEA/SUCULENTA
CA-324,,Echeveria pulvinata,CACTACEA/SUCULENTA
CA-325,,Echeveria runyonii,CACTACEA/SUCULENTA
CA-326,,Echeveria setosa var. deminuta,CACTACEA/SUCULENTA
CA-327,,Echeveria shaviana,CACTACEA/SUCULENTA
CA-118,,Echinocactus grusonii var. albispinus,CACTACEA/SUCULENTA
CA-119,,Echinocactus grusonii var. brevispinus,CACTACEA/SUCULENTA
CA-120,,Echinocactus platyacanthus,CACTACEA/SUCULENTA
CA-125,,Echinocereus enneacanthus var. brevispinus,CACTACEA/SUCULENTA
CA-126,,Echinocereus pentalophus,CACTACEA/SUCULENTA
CA-127,,Echinocereus rigidissimus 'Rubispinus',CACTACEA/SUCULENTA
CA-129,,Echinofossulocactus albatus,CACTACEA/SUCULENTA
CA-130,,Echinopsis arachnacantha,CACTACEA/SUCULENTA
CA-131,,Echinopsis atacamensis,CACTACEA/SUCULENTA
CA-132,,Echinopsis atacamensis subsp. pasacana,CACTACEA/SUCULENTA
CA-133,,Echinopsis bridgesii f. monstruosa,CACTACEA/SUCULENTA
CA-134,,Echinopsis candicans,CACTACEA/SUCULENTA
CA-135,,Echinopsis chamaecereus,CACTACEA/SUCULENTA
CA-136,,Echinopsis chiloensis,CACTACEA/SUCULENTA
TR-054,,Mandevilla sanderi,TAPIZANTE/TREPADORA
CA-138,,Echinopsis formosa,CACTACEA/SUCULENTA
CA-139,,Echinopsis formosa subsp. bruchii,CACTACEA/SUCULENTA
CA-140,,Echinopsis huascha,CACTACEA/SUCULENTA
CA-141,,Echinopsis leucantha,CACTACEA/SUCULENTA
CA-142,,Echinopsis oxygona,CACTACEA/SUCULENTA
CA-216,,Mammillaria setispina,CACTACEA/SUCULENTA
CA-144,,Echinopsis peruviana,CACTACEA/SUCULENTA
CA-145,,Echinopsis subdenudata,CACTACEA/SUCULENTA
CA-146,,Echinopsis tarijensis,CACTACEA/SUCULENTA
CA-147,,Echinopsis terscheckii,CACTACEA/SUCULENTA
ST-085,,Echium pininana,SUBTROPICAL/TROPICAL
CA-210,,Mammillaria geminispina,CACTACEA/SUCULENTA
CA-155,,Eriocactus warasii,CACTACEA/SUCULENTA
CA-156,,Eriosyce senilis,CACTACEA/SUCULENTA
ST-156,,Erythrina caffra,SUBTROPICAL/TROPICAL
CA-157,,Espostoa guentheri,CACTACEA/SUCULENTA
CA-158,,Espostoa lanata var. churinensis,CACTACEA/SUCULENTA
CA-159,,Espostoa melanostele,CACTACEA/SUCULENTA
CA-202,,Mammillaria backerbergiana subsp. ernestii,CACTACEA/SUCULENTA
CA-350,,Euphorbia abyssinica,HERB_PERENNES
CA-351,,Euphorbia aeruginosa,HERB_PERENNES
CA-352,,Euphorbia ammak,HERB_PERENNES
CA-353,,Euphorbia avasmontana,HERB_PERENNES
CA-354,,Euphorbia canariensis,HERB_PERENNES
CA-355,,Euphorbia candelabrum,HERB_PERENNES
CA-356,,Euphorbia curvirama,HERB_PERENNES
CA-357,,Euphorbia delphinensis,HERB_PERENNES
CA-359,,Euphorbia horrida,HERB_PERENNES
CA-360,,Euphorbia horrida 'Alba',HERB_PERENNES
TR-257,,Euphorbia hypericifolia 'Diamond Frost',HERB_PERENNES
CA-361,,Euphorbia inermis,HERB_PERENNES
CA-362,,Euphorbia lactea,HERB_PERENNES
CA-363,,Euphorbia ledienii,HERB_PERENNES
CA-364,,Euphorbia mammillaris,HERB_PERENNES
CA-365,,Euphorbia milii 'Keysii',HERB_PERENNES
CA-366,,Euphorbia milii var. breoni,HERB_PERENNES
CA-367,,Euphorbia milii var. roseana,HERB_PERENNES
CA-368,,Euphorbia neococcinea,HERB_PERENNES
CA-369,,Euphorbia neriifolia f. cristata,HERB_PERENNES
CA-370,,Euphorbia obesa,HERB_PERENNES
CA-371,,Euphorbia polycantha,HERB_PERENNES
CA-373,,Euphorbia resinifera,HERB_PERENNES
CA-375,,Euphorbia stellata,HERB_PERENNES
CA-376,,Euphorbia stenoclada,HERB_PERENNES
CA-378,,Euphorbia susannae,HERB_PERENNES
CA-380,,Euphorbia trigona 'Rubra',HERB_PERENNES
CA-381,,Euphorbia umbellata 'Rubra',HERB_PERENNES
CA-382,,Euphorbia waterbergensis,HERB_PERENNES
CA-383,,Euphorbia xylophylloides,HERB_PERENNES
ST-031,,Fatsia japonica 'Variegata',HERB_PERENNES
CA-007,,Faucaria tigrina,CACTACEA/SUCULENTA
CA-161,,Ferocactus chrysacanthus,CACTACEA/SUCULENTA
CA-162,,Ferocactus emoryi,CACTACEA/SUCULENTA
CA-163,,Ferocactus emoryi subsp. rectispinus,CACTACEA/SUCULENTA
CA-164,,Ferocactus glaucescens,CACTACEA/SUCULENTA
CA-166,,Ferocactus gracilis subsp. coloratus,CACTACEA/SUCULENTA
CA-167,,Ferocactus hamatacanthus,CACTACEA/SUCULENTA
CA-168,,Ferocactus herrerae,CACTACEA/SUCULENTA
CA-169,,Ferocactus histrix,CACTACEA/SUCULENTA
CA-170,,Ferocactus peninsulae,CACTACEA/SUCULENTA
CA-171,,Ferocactus pottsii,CACTACEA/SUCULENTA
CA-172,,Ferocactus recurvus,CACTACEA/SUCULENTA
CA-173,,Ferocactus robustus,CACTACEA/SUCULENTA
TR-331,,Ficus benjamina 'Golden King',SUBTROPICAL/TROPICAL
TR-329,,Ficus benjamina 'Reginald',SUBTROPICAL/TROPICAL
TR-336,,Ficus microcarpa,SUBTROPICAL/TROPICAL
TR-337,,Ficus pumila,TAPIZANTE/TREPADORA
TR-338,,Ficus sagittata,SUBTROPICAL/TROPICAL
TR-339,,Ficus sagittata 'Variegata',SUBTROPICAL/TROPICAL
TR-002,,Fittonia albivenis,SUBTROPICAL/TROPICAL
CA-031,,Fockea edulis,CACTACEA/SUCULENTA
CA-177,,Frailea mammifera,CACTACEA/SUCULENTA
CA-069,,Furcraea selloa var. marginata,CACTACEA/SUCULENTA
CA-410,,Gasteria grusonii,CACTACEA/SUCULENTA
CA-411,,Gasteria 'Little Warty',CACTACEA/SUCULENTA
CA-412,,Gasteria oblicua,CACTACEA/SUCULENTA
CA-414,,Gasteria carinata var. verrucosa,CACTACEA/SUCULENTA
TR-221,,Gibasis pellucida,SUBTROPICAL/TROPICAL
MAR,Malvavisco,Malvaviscus arboreus,ARBUSTO
ST-192,,Grevillea banksii,SUBTROPICAL/TROPICAL
TR-189,,Guzmania lingulata,SUBTROPICAL/TROPICAL
TR-190,,Guzmania zahnii 'Variegata',SUBTROPICAL/TROPICAL
CA-178,,Gymnocalycium anisitsii subsp. damsii,CACTACEA/SUCULENTA
CA-179,,Gymnocalycium baldianum,CACTACEA/SUCULENTA
MAX,Manzano,Malus sp,FRONDOSA
CA-181,,Gymnocalycium horstii,CACTACEA/SUCULENTA
CA-182,,Gymnocalycium mihanovichii,CACTACEA/SUCULENTA
CA-183,,Gymnocalycium pflanzii,CACTACEA/SUCULENTA
CA-184,,Gymnocalycium saglionis,CACTACEA/SUCULENTA
CA-187,,Harrisia tetracantha,CACTACEA/SUCULENTA
CA-186,,Harrisia tortuosa,CACTACEA/SUCULENTA
MCOC,Manzano de flor japonés,Malus coccinella 'Courtarou',FRONDOSA
CA-415,,Haworthia cassytha,CACTACEA/SUCULENTA
CA-416,,Haworthia cuspidata,CACTACEA/SUCULENTA
CA-417,,Haworthia fasciata,CACTACEA/SUCULENTA
CA-419,,Haworthia limifolia,CACTACEA/SUCULENTA
CA-421,,Haworthia pumila,CACTACEA/SUCULENTA
CA-422,,Haworthia reinwardtii,CACTACEA/SUCULENTA
CA-424,,Haworthia hybrida,CACTACEA/SUCULENTA
ST-238,,Hedychium coronarium,SUBTROPICAL/TROPICAL
ST-239,,Hedychium gardnerianum,SUBTROPICAL/TROPICAL
TR-425,,Hedychium rubrum,SUBTROPICAL/TROPICAL
TR-423,,Hedychium thyrsiforme,HERB_PERENNES
ST-098,,Helichrysum petiolatum,HERB_PERENNES
TR-265,,Heliconia schiedeana,HERB_PERENNES
TR-003,,Hemigraphis colorata,SUBTROPICAL/TROPICAL
CA-070,,Hesperoyucca whipplei,CACTACEA/SUCULENTA
TR-304,,Hibiscus acetosella,ARBUSTO
TR-301,,Hibiscus rosa-sinensis 'Cooperi',ARBUSTO
TR-308,,Hibiscus schizopetalus,ARBUSTO
CA-032,,Hoodia gordonii,CACTACEA/SUCULENTA
CA-033,,Hoya carnosa,TAPIZANTE/TREPADORA
TR-202,,Hylocereus undatus,CACTACEA/SUCULENTA
TR-004,,Hypoestes phyllostachya,HERB_PERENNES
TR-147,,Impatiens hawkeri 'Sunpatiens',HERB_ANUAL
TR-148,,Impatiens walleriana,HERB_ANUAL
TR-235,,Ipomoea batatas 'Margarita',HERB_PERENNES
CA-300,,Ipomoea bolusiana,HERB_PERENNES
TR-027,,Iresine herbstii 'Auroreticulata',HERB_PERENNES
TR-028,,Iresine herbstii 'Wallisi',HERB_PERENNES
CA-191,,Isolatocereus dumortieri,CACTACEA/SUCULENTA
TR-203,,Isotoma asillaris,SUBTROPICAL/TROPICAL
TR-387,,Ixora chinensis,SUBTROPICAL/TROPICAL
TR-405,,Juanulloa aurantiaca,SUBTROPICAL/TROPICAL
TR-006,,Justicia brandegeeana,SUBTROPICAL/TROPICAL
TR-007,,Justicia brasiliana,SUBTROPICAL/TROPICAL
TR-008,,Justicia carnea,SUBTROPICAL/TROPICAL
CA-328,,Kalanchoe beharensis,CACTACEA/SUCULENTA
CA-329,,Kalanchoe daigremontiana,CACTACEA/SUCULENTA
CA-330,,Kalanchoe dinklagei,CACTACEA/SUCULENTA
CA-332,,Kalanchoe orgyalis,CACTACEA/SUCULENTA
CA-334,,Kalanchoe scapigera,CACTACEA/SUCULENTA
CA-335,,Kalanchoe synsepala,CACTACEA/SUCULENTA
CA-336,,Kalanchoe tetraphylla,CACTACEA/SUCULENTA
CA-337,,Kalanchoe tomentosa,CACTACEA/SUCULENTA
TR-115,,Latania loddigesii,SUBTROPICAL/TROPICAL
ST-152,,Laurus novocanariensis,FRONDOSA
ST-143,,Lavandula canariensis,ARBUSTO
TR-416,,Leea guineensis,HERB_PERENNES
TR-283,,Leucaena leucocephala,SUBTROPICAL/TROPICAL
CA-192,,Leuchtenbergia principis,CACTACEA/SUCULENTA
CA-193,,Lobivia jajoiana,CACTACEA/SUCULENTA
CA-194,,Lophocereus schottii,CACTACEA/SUCULENTA
CA-195,,Lophocereus schottii f. mieckleyanus,CACTACEA/SUCULENTA
CA-196,,Lophophora diffusa,CACTACEA/SUCULENTA
CA-197,,Lophophora williamsii,CACTACEA/SUCULENTA
TR-378,,Macadamia integrifolia,SUBTROPICAL/TROPICAL
ST-235,,Macrozamia moorei,SUBTROPICAL/TROPICAL
TR-298,,Malpighia emarginata,SUBTROPICAL/TROPICAL
ST-160,,Malva canariensis,HERB_PERENNES
CA-200,,Mammillaria albilanata,CACTACEA/SUCULENTA
CA-201,,Mammillaria backerbegiana,CACTACEA/SUCULENTA
CA-203,,Mammillaria bombycina,CACTACEA/SUCULENTA
CA-204,,Mammillaria candida,CACTACEA/SUCULENTA
CA-198,,Mammillaria carmenae,CACTACEA/SUCULENTA
CA-206,,Mammillaria compressa,CACTACEA/SUCULENTA
CA-207,,Mammillaria decipiens subsp. camptotricha,CACTACEA/SUCULENTA
CA-208,,Mammillaria elongata,CACTACEA/SUCULENTA
CA-209,,Mammillaria elongata 'Rubrispina',CACTACEA/SUCULENTA
MLB,Magnolio de Loebner,Magnolia x loebneri,FRONDOSA
CA-199,,Mammillaria gracilis,CACTACEA/SUCULENTA
CA-211,,Mammillaria hahniana,CACTACEA/SUCULENTA
CA-212,,Mammillaria karwinskiana subsp. nejapensis,CACTACEA/SUCULENTA
CA-213,,Mammillaria matudae,CACTACEA/SUCULENTA
CA-214,,Mammillaria parkinsonii,CACTACEA/SUCULENTA
CA-215,,Mammillaria rhodantha subsp. pinglei,CACTACEA/SUCULENTA
ST-157,,Lotus berthelotii,SUBTROPICAL/TROPICAL
CA-217,,Mammillaria spinosissima,CACTACEA/SUCULENTA
CA-218,,Mammillaria spinosissima 'Rubrispina',CACTACEA/SUCULENTA
CA-219,,Mammillaria standleyi,CACTACEA/SUCULENTA
CA-220,,Mammillaria vagaspina,CACTACEA/SUCULENTA
CA-221,,Mammillaria voburnensis,CACTACEA/SUCULENTA
LFR,Madreselva,Lonicera fragantissima,TAPIZANTE/TREPADORA
TR-040,,Mangifera indica,SUBTROPICAL/TROPICAL
TR-431,,Manilkara zapota,SUBTROPICAL/TROPICAL
TR-319,,Maranta leuconeura,SUBTROPICAL/TROPICAL
CA-222,,Marginatocereus marginatus,CACTACEA/SUCULENTA
ST-022,,Marsdenia floribunda,TAPIZANTE/TREPADORA
ST-090,,Maytenus canariensis,SUBTROPICAL/TROPICAL
TR-019,,Megaskepasma erythrochlamys,SUBTROPICAL/TROPICAL
CA-224,,Melocactus matanzanus,CACTACEA/SUCULENTA
CA-225,,Melocactus neryi,CACTACEA/SUCULENTA
TR-295,,Michelia alba,SUBTROPICAL/TROPICAL
TR-284,,Mimosa pudica,SUBTROPICAL/TROPICAL
ST-190,,Muehlenbeckia complexa,HERB_PERENNES
ST-170,,Musa acuminata,SUBTROPICAL/TROPICAL
ST-171,,Musa balbisiana,SUBTROPICAL/TROPICAL
ST-172,,Musa ornata,SUBTROPICAL/TROPICAL
ST-173,,Ensete lasiocarpum,SUBTROPICAL/TROPICAL
CA-226,,Myrtillocactus geometrizans,CACTACEA/SUCULENTA
CA-228,,Neobuxbaumia polylopha,CACTACEA/SUCULENTA
CA-232,,Neoraimondia herziogana,CACTACEA/SUCULENTA
TR-191,,Neoregelia carolinae,SUBTROPICAL/TROPICAL
TR-197,,Neoregelia 'Fireball',SUBTROPICAL/TROPICAL
TR-386,,Nertera granadensis,SUBTROPICAL/TROPICAL
CA-071,,Beaucarnea gracilis,SUBTROPICAL/TROPICAL
CA-234,,Notocactus schlosseri,CACTACEA/SUCULENTA
TR-020,,Odontonema schomburgkianum,HERB_PERENNES
TR-009,,Odontonema tubaeforme,HERB_PERENNES
CA-235,,Opuntia articulata,CACTACEA/SUCULENTA
CA-236,,Opuntia leucotricha,CACTACEA/SUCULENTA
CA-237,,Opuntia macrocentra,CACTACEA/SUCULENTA
CA-238,,Opuntia microdasys 'Caress',CACTACEA/SUCULENTA
CA-239,,Opuntia microdasys subsp. rufida,CACTACEA/SUCULENTA
CA-241,,Oreocereus fossulatus,CACTACEA/SUCULENTA
ST-032,,Oreopanax nymphaeifolius,SUBTROPICAL/TROPICAL
CA-242,,Oroya peruviana,CACTACEA/SUCULENTA
ST-095,,Osteospermum ecklonis,HERB_PERENNES
TR-352,,Oxalis trianagularis,HERB_PERENNES
CA-243,,Pachycereus pringlei,CACTACEA/SUCULENTA
CA-338,,Pachyphytum oviferum,CACTACEA/SUCULENTA
CA-034,,Pachypodium bispinosum,CACTACEA/SUCULENTA
CA-035,,Pachypodium geayi,CACTACEA/SUCULENTA
CA-036,,Pachypodium lamerei,CACTACEA/SUCULENTA
CA-037,,Pachypodium saundersii,CACTACEA/SUCULENTA
TR-299,,Pachira aquatica,SUBTROPICAL/TROPICAL
TR-010,,Pachystachys lutea,SUBTROPICAL/TROPICAL
TR-357,,Pandanus tectorius,SUBTROPICAL/TROPICAL
CA-245,,Parodia haselbergii,CACTACEA/SUCULENTA
CA-246,,Parodia leninghausii,CACTACEA/SUCULENTA
CA-247,,Parodia magnifica,CACTACEA/SUCULENTA
CA-248,,Parodia sanguiniflora,CACTACEA/SUCULENTA
CA-250,,Parodia submammulosa,CACTACEA/SUCULENTA
TR-359,,Passiflora alata,TAPIZANTE/TREPADORA
TR-360,,Passiflora edulis,TAPIZANTE/TREPADORA
TR-358,,Passiflora perfoliata,TAPIZANTE/TREPADORA
TR-394,,Paullinia rubiginosa,SUBTROPICAL/TROPICAL
ST-125,,Pelargonium graveolens,HERB_PERENNES
AMAL,,Amelanchier alnifolia,
ST-112,,Pelargonium alternans,HERB_PERENNES
ST-114,,Pelargonium 'Atomic Snowflakes',HERB_PERENNES
ST-244,,Pelargonium betulinum,HERB_PERENNES
ST-115,,Pelargonium 'Both´s Snowflake',HERB_PERENNES
ST-116,,Pelargonium 'Brunswick',HERB_PERENNES
ST-117,,Pelargonium 'Candy Dancer',HERB_PERENNES
ST-118,,Pelargonium 'Capri',HERB_PERENNES
ST-245,,Pelargonium carnosum,HERB_PERENNES
ST-119,,Pelargonium 'Charmay Marjorie',HERB_PERENNES
ST-121,,Pelargonium 'Copthorne',HERB_PERENNES
ST-122,,Pelargonium cordifolium,HERB_PERENNES
ST-123,,Pelargonium 'Cy´s Sunburst',HERB_PERENNES
ST-139,,Pelargonium 'Deerwood Lavender',HERB_PERENNES
ST-124,,Pelargonium 'Eskay Sugar Candy',HERB_PERENNES
ST-242,,Pelargonium gibbosum,HERB_PERENNES
ST-126,,Pelargonium 'Henry Weller',HERB_PERENNES
ST-127,,Pelargonium 'Lara Starshine',HERB_PERENNES
ST-138,,Pelargonium 'Lavender Lindy',HERB_PERENNES
ST-128,,Pelargonium 'Mons Ninon',HERB_PERENNES
ST-129,,Pelargonium panduriforme,HERB_PERENNES
ST-130,,Pelargonium 'Quantock Candy',HERB_PERENNES
ST-131,,Pelargonium 'Quantock Classic',HERB_PERENNES
C004K,Rosal 'Manou Meilland',Rosa 'Manou Meilland',ARBUSTO
ST-133,,Pelargonium quercifolium 'Fair Ellen',HERB_PERENNES
ST-134,,Pelargonium 'Robin´s Unique',HERB_PERENNES
ST-135,,Pelargonium 'Scarlet Unique',HERB_PERENNES
ST-243,,Pelargonium sidoides,HERB_PERENNES
ST-241,,Pelargonium tetragonum,HERB_PERENNES
ST-136,,Pelargonium 'The Boar',HERB_PERENNES
ST-137,,Pelargonium x kewense,HERB_PERENNES
ST-113,,Pelargonium 'April Shower',HERB_PERENNES
TR-388,,Pentas lanceolata,HERB_PERENNES
TR-362,,Peperomia glabella,SUBTROPICAL/TROPICAL
TR-364,,Peperomia obtusifolia,SUBTROPICAL/TROPICAL
LISW,Liquidambar piramidal,Liquidambar styraciflua 'Worplesdon',FRONDOSA
TR-365,,Peperomia scanden 'Variegata',SUBTROPICAL/TROPICAL
TR-199,,Pereskia aculeata,CACTACEA/SUCULENTA
CA-252,,Pereskia grandifolia,CACTACEA/SUCULENTA
ST-154,,Persea indica,ARBUSTO
TR-071,,Philodendron bipinnatifidum,SUBTROPICAL/TROPICAL
TR-072,,Philodendron erubescens,SUBTROPICAL/TROPICAL
LJA,Aligustre del Japón,Ligustrum japonicum,ARBUSTO
TR-074,,Philodendron hederaceum,SUBTROPICAL/TROPICAL
TR-075,,Philodendron xanadu,SUBTROPICAL/TROPICAL
TR-374,,Phlebodium aureum,SUBTROPICAL/TROPICAL
TR-116,,Licuala grandis,SUBTROPICAL/TROPICAL
ST-181,,Picconia excelsa,ARBUSTO
TR-412,,Pilea cadierei,HERB_PERENNES
TR-409,,Pilea depressa,HERB_PERENNES
TR-414,,Pilea involucrata,HERB_PERENNES
TR-441,,Pilea spruceana 'Norfok',HERB_PERENNES
TR-442,,Pilea spruceana 'Silver Tree',HERB_PERENNES
CA-253,,Pilosocereus azureus,CACTACEA/SUCULENTA
CA-254,,Pilosocereus chrysostele,CACTACEA/SUCULENTA
CA-256,,Pilosocereus pachycladus,CACTACEA/SUCULENTA
ST-184,,Pittosporum crassifolium,ARBUSTO
TR-375,,Platycerium bifurcatum,SUBTROPICAL/TROPICAL
TR-278,,Plectranthus argentatus,SUBTROPICAL/TROPICAL
ST-144,,Plectranthus barbatus,SUBTROPICAL/TROPICAL
ST-145,,Plectranthus caninus,SUBTROPICAL/TROPICAL
TR-270,,Plectranthus ecklonii 'Mona Lavender',SUBTROPICAL/TROPICAL
TR-271,,Plectranthus glabratus,SUBTROPICAL/TROPICAL
ST-147,,Plectranthus montanus,SUBTROPICAL/TROPICAL
TR-277,,Plectranthus oertendahlii 'Lime Light',SUBTROPICAL/TROPICAL
CA-008,,Pleiospilos nelii,CACTACEA/SUCULENTA
ST-185,,Plumbago indica,HERB_PERENNES
TR-055,,Plumeria pudica,HERB_PERENNES
TR-273,,Pogostemon cablin,HERB_PERENNES
CA-260,,Polaskia chende,CACTACEA/SUCULENTA
CA-261,,Polaskia chichipe,CACTACEA/SUCULENTA
TR-090,,Polyscias fruticosa,HERB_PERENNES
TR-091,,Polyscias scutellaria 'Fabian',HERB_PERENNES
ST-108,,Polystichum polyblepharum,HERB_PERENNES
CA-348,,Portulacaria afra 'Lemon',CACTACEA/SUCULENTA
TR-432,,Pouteria campechiana,SUBTROPICAL/TROPICAL
ST-050,,Pritchardia hillebrandii,PALMACEA
TR-011,,Pseuderanthemum carruthersii 'Reticulatum',HERB_PERENNES
TR-324,,Psidium guajava,SUBTROPICAL/TROPICAL
TR-381,,Pteris cretica 'Albolineata',HERB_PERENNES
CA-384,,Pterodiscus speciosus,CACTACEA/SUCULENTA
TR-192,,Quesnelia liboniana,SUBTROPICAL/TROPICAL
TR-194,,Quesnelia quesneliana,SUBTROPICAL/TROPICAL
ST-221,,Ravenala madagascariensis,SUBTROPICAL/TROPICAL
CA-264,,Rebutia fiebrigii,CACTACEA/SUCULENTA
CA-265,,Rebutia marsoneri,CACTACEA/SUCULENTA
CA-267,,Rebutia muscula,CACTACEA/SUCULENTA
ST-195,,Rhamnus crenulata,ARBUSTO
ST-196,,Rhamnus glandulosa,ARBUSTO
ST-200,,Rhaphiolepis x delacourii,ARBUSTO
CA-268,,Rhipsalis baccifera,CACTACEA/SUCULENTA
CA-270,,Ritterocactus uebelmannianus,CACTACEA/SUCULENTA
ST-201,,Rubia fruticosa,SUBTROPICAL/TROPICAL
TR-012,,Ruellia brevifolia,HERB_PERENNES
TR-022,,Ruellia makoyana,HERB_PERENNES
TR-013,,Ruellia simplex,HERB_PERENNES
CA-009,,Ruschia lineolata,CACTACEA/SUCULENTA
TR-014,,Ruspolia seticalyx,HERB_PERENNES
ST-001,,Ruttya fruticosa 'Yellow',HERB_PERENNES
LAOD,Guisante de jardín,Lathyrus odoratus,TAPIZANTE/TREPADORA
TR-369,,Smallanthus sonchifolius,ARBUSTO
CA-072,,Sansevieria cylindrica,CACTACEA/SUCULENTA
TR-144,,Sansevieria trifasciata,CACTACEA/SUCULENTA
ST-089,,Sarcococca ruscifolia,ARBUSTO
ST-218,,Saxifraga stolonifera,HERB_PERENNES
TR-093,,Schefflera elegantissima,SUBTROPICAL/TROPICAL
ST-033,,Schefflera heptaphylla,SUBTROPICAL/TROPICAL
ST-034,,Schefflera veitchii,SUBTROPICAL/TROPICAL
CA-295,,Kleinia grantii,CACTACEA/SUCULENTA
KAX,Kalanchoes,Kalanchoe sp,CACTACEA/SUCULENTA
TR-198,,Schlumbergera × buckleyi,SUBTROPICAL/TROPICAL
CA-339,,Sedum burrito,CACTACEA/SUCULENTA
CA-340,,Sedum cespitosum,CACTACEA/SUCULENTA
CA-341,,Sedum nussbaumerianum,CACTACEA/SUCULENTA
CA-342,,Sedum pachyphyllum,CACTACEA/SUCULENTA
TR-200,,Selenicereus anthonyanus,CACTACEA/SUCULENTA
TR-204,,Selenicereus grandiflorus,CACTACEA/SUCULENTA
ST-072,,Semele androgyna,SUBTROPICAL/TROPICAL
CA-343,,Sempervivum arachnoideum,CACTACEA/SUCULENTA
CA-344,,Sempervivum tectorum,CACTACEA/SUCULENTA
CA-296,,Senecio crassissimus,HERB_PERENNES
CA-299,,Senecio scaposus,HERB_PERENNES
TR-372,,Sorghum bicolor,HERB_PERENNES
TR-398,,Solanum mauritianum,ARBUSTO
TR-407,,Solanum muricatum,ARBUSTO
TR-408,,Solanum quitoense,ARBUSTO
TR-404,,Solanum seaforthianum,ARBUSTO
ST-229,,Soleirolia soleirolii,HERB_PERENNES
ST-099,,Sonchus canariensis,HERB_PERENNES
ST-161,,Sparmannia africana,HERB_PERENNES
TR-042,,Spondias dulcis,SUBTROPICAL/TROPICAL
CA-038,,Stapelia leendertziae f. cristata,HERB_PERENNES
CA-039,,Stapelia variegata,HERB_PERENNES
CA-273,,Stenocactus crispatus f. lamellosus,CACTACEA/SUCULENTA
CA-275,,Stenocereus alamosensis,CACTACEA/SUCULENTA
CA-276,,Stenocereus pruinosus,CACTACEA/SUCULENTA
CA-277,,Stenocereus thurberi,CACTACEA/SUCULENTA
ST-187,,Stenotaphrum secundatum 'Variegatum',HERB_PERENNES
CA-281,,Stetsonia coryne,CACTACEA/SUCULENTA
TR-340,,Streblus asper,ARBUSTO
TR-262,,Streptocarpus saxorum,SUBTROPICAL/TROPICAL
TR-015,,Strobilanthes glutinosus,HERB_PERENNES
ST-002,,Strobilanthes rankanensis,HERB_PERENNES
TR-315,,Stromanthe thalia,HERB_PERENNES
TR-309,,Stromanthe thalia 'Tricolor',HERB_PERENNES
CA-286,,Sulcorebutia tarabucoensis var. violacidermis,CACTACEA/SUCULENTA
TR-077,,Syngonium podophyllum,SUBTROPICAL/TROPICAL
ST-177,,Syzygium australe,ARBUSTO
TR-325,,Syzygium jambos,ARBUSTO
ST-178,,Syzygium paniculatum,ARBUSTO
TR-327,,Syzygium phillyreifolium,ARBUSTO
CA-287,,Tacinga inamoena,CACTACEA/SUCULENTA
TR-288,,Tamarindus indica,ARBUSTO
TR-274,,Tetradenia riparia,HERB_PERENNES
ST-035,,Tetrapanax papyrifer,HERB_PERENNES
TR-417,,Tetrastigma voinierianum,TAPIZANTE/TREPADORA
ST-164,,Thalia geniculata,HERB_PERENNES
CA-288,,Thelocactus bicolor,CACTACEA/SUCULENTA
CA-289,,Thelocactus conothelos,CACTACEA/SUCULENTA
CA-290,,Thelocactus hexaedrophorus,CACTACEA/SUCULENTA
TR-307,,Theobroma cacao,SUBTROPICAL/TROPICAL
TR-016,,Thunbergia battiscombei,TAPIZANTE/TREPADORA
TR-017,,Thunbergia coccinea,TAPIZANTE/TREPADORA
TR-322,,Tibouchina heteromalla,HERB_PERENNES
TR-321,,Tibouchina semidecandra,HERB_PERENNES
ST-088,,Tillandsia bergeri,CACTACEA/SUCULENTA
TR-195,,Tillandsia organensis,CACTACEA/SUCULENTA
CA-010,,Titanopsis calcarea,CACTACEA/SUCULENTA
TR-228,,Tradescantia sillamontana,HERB_PERENNES
TR-224,,Tradescantia spathacea,HERB_PERENNES
TR-225,,Tradescantia zanonia,HERB_PERENNES
TR-226,,Tradescantia zebrina,HERB_PERENNES
CA-011,,Trichodiadema densum,CACTACEA/SUCULENTA
TR-361,,Turnera ulmifolia,HERB_PERENNES
TR-451,,Vanilla planifolia,SUBTROPICAL/TROPICAL
CA-331,,Kalanchoe marmorata,CACTACEA/SUCULENTA
ST-227,,Visnea mocanera,ARBUSTO
TR-275,,Volkameria inermis,HERB_PERENNES
TR-196,,Vriesea splendens,SUBTROPICAL/TROPICAL
CA-293,,Weberbauerocereus johnsonii,CACTACEA/SUCULENTA
TR-120,,Wodyetia bifurcata,SUBTROPICAL/TROPICAL
ST-083,,Woodwardia radicans,HERB_PERENNES
TR-078,,Xanthosoma sagittifolium,HERB_PERENNES
TR-079,,Xanthosoma sagittifolium 'Violaceum',HERB_PERENNES
CA-345,,Xerosicyos decaryi,CACTACEA/SUCULENTA
CA-073,,Yucca gigantea,HERB_PERENNES
CA-075,,Yucca thompsoniana,HERB_PERENNES
TR-421,,Zamia furfuracea,HERB_PERENNES
TR-087,,Zamioculcas zamiifolia,HERB_PERENNES
TR-086,,Zantedeschia rehmannii,HERB_PERENNES
TR-413,,Pellionia repens,SUBTROPICAL/TROPICAL
HHEW,,Hedera helix 'Wonder',TAPIZANTE/TREPADORA
KJAG,,Kerria japonica ‘Golden Guinea’,ARBUSTO
LIMB,,"Liriope muscari""Big Blue""",HERB_PERENNES
SVUB,,Syringa vulgaris 'Belle de Nancy',ARBUSTO
HLF,,Helleborus foetidus,HERB_PERENNES
PHPE_259,,Platycodon grandiflorus 'Fuji Blue',HERB_PERENNES
PHPE_260,,Plectranthus coleoides,SUBTROPICAL/TROPICAL
PHPE_261,,Polemonium caeruleum,HERB_PERENNES
HP_007,,Polystichum rigens,HERB_PERENNES
HP_008,,Polystichum setiferum,HERB_PERENNES
PHPE_263,,Potentilla nepalensis 'Miss Willmott',HERB_PERENNES
E053A,,Rosa 'FEjim FE 12010',ARBUSTO
PHPE_265,,Pulmonaria 'De Vroomen's Pride',HERB_PERENNES
PHPE_266,,Pulmonaria 'Mrs. Kittle',HERB_PERENNES
PHPI_014,,Pulmonaria officinalis 'Sissinghurst White',HERB_PERENNES
PHPE_267,,Rheum palmatum var. tanguticum,ARBUSTO
PHPE_268,,Rheum rhabarbarum,ARBUSTO
PHPE_269,,Rheum rhabarbarum 'Red Champagne',ARBUSTO
D099B,,Rosa '00.1261.1',ARBUSTO
D071B,,Rosa '03.3202.104',ARBUSTO
AA054A,,Rosa '07.1870.1',ARBUSTO
D098B,,Rosa '07.1870.2',ARBUSTO
D013B,,Rosa '07.1870.3',ARBUSTO
A028B,,Rosa '09.8404.1',ARBUSTO
B105B,,Rosa '99.3213.4',ARBUSTO
D098A,,Rosa '99.5455.1',ARBUSTO
DP30C,,Rosa '99.5505.5',ARBUSTO
B042B,,Rosa 'Academie d'Orleans',ARBUSTO
TE1B.1,Rosa 'ADAbeyclu',Rosa 'Signature Biodiversité',ARBUSTO
D053B,,Rosa 'ADAdrghop',ARBUSTO
EB75A,,Rosa 'ADAenoy',ARBUSTO
PI_001,,Acalypha hispida,SUBTROPICAL/TROPICAL
PHPE_003,,Achillea filipendulina 'Coronation Gold',HERB_PERENNES
PHPE_004,,Achillea millefolium 'Summer Pastels',HERB_PERENNES
PHPE_005,,Achillea 'Paprika',HERB_PERENNES
PHPE_006,,Achillea 'Rainbow Lightning Pink',HERB_PERENNES
PHPE_007,,Achillea 'Red Velvet',HERB_PERENNES
E015B,,Rosa 'Boticelli',ARBUSTO
PG_001,,Acorus calamus,HERB_PERENNES
PG_002,,Acorus gramineus 'Argenteostriatus',HERB_PERENNES
PHPE_009,,Agapanthus africanus 'Blue',HERB_PERENNES
PHPE_010,,Agapanthus 'Albus',HERB_PERENNES
PHPE_011,,Agapanthus 'Blue Triumphator',HERB_PERENNES
PHPI_001,,Agapanthus 'Brilliant Blue',HERB_PERENNES
PHPE_012,,Agapanthus 'Delft Blue',HERB_PERENNES
PHPE_013,,Agapanthus 'Polar Ice',HERB_PERENNES
PHPE_014,,Agastache 'Blue Fortune',HERB_PERENNES
PHPE_015,,Agastache rugosa,HERB_PERENNES
PI_002,,Aglaonema 'Cutlass',SUBTROPICAL/TROPICAL
PI_003,,Aglaonema 'Maria Christina',SUBTROPICAL/TROPICAL
PHPE_016,,Ajuga reptans 'Burgundy Glow',HERB_PERENNES
PHPE_019,,Allium 'Globemaster',HERB_PERENNES
PHPE_020,,Allium karataviense,HERB_PERENNES
SHH_001,,Allium schoenoprasum 'Medium Leaved',HERB_PERENNES
PHPE_021,,Allium ursinum,HERB_PERENNES
PHPE_022,,Alstroemeria aurea 'Lutea',HERB_ANUAL
PHPE_023,,Alstroemeria 'Majestic Henri',HERB_ANUAL
SHH_010,,Alyssum 'Clear Crystal',HERB_PERENNES
PHPE_024,,Alyssum montanum 'Berggold',HERB_PERENNES
PHPE_025,,Alyssum saxatile 'Sulphureum',HERB_PERENNES
PHPE_026,,Anacyclus pyrethrum var. depressus,HERB_PERENNES
PHPE_028,,Anemone japonica 'Andrea Atkinson',HERB_ANUAL
PHPE_029,,Anemone japonica 'Honorine Jobert ',HERB_ANUAL
PI_005,,Anthurium 'Diamond Red',SUBTROPICAL/TROPICAL
PHPE_030,,Aquilegia 'Barlow Blue',HERB_PERENNES
PHPE_033,,Aquilegia 'Songbird',HERB_PERENNES
PHPE_034,,Aquilegia 'Winky Blue and White',HERB_PERENNES
TR-005,,Justicia adhatoda,SUBTROPICAL/TROPICAL
E015A,,Rosa 'WR/AM-939-FLO',ARBUSTO
E065A,,Rosa 'ORAdassac ORA 152-757',ARBUSTO
PHPE_038,,Armeria pseudarmeria 'Ballerina Red',HERB_PERENNES
JAX,Jazmines,Jasminum sp,ARBUSTO
SHH_002,,Artemisia absinthium 'Wormwood',HERB_PERENNES
PHPE_041,,Aruncus dioicus 'Kneiffii',HERB_PERENNES
PHPE_042,,Aruncus dioicus 'Whirlwind',HERB_PERENNES
PHPE_043,,Asclepias incarnata 'Soulmate',HERB_PERENNES
PHPE_044,,Asclepias tuberosa,HERB_PERENNES
PHPE_046,,Aspidistra elatior 'Variegata',HERB_PERENNES
PHPE_047,,Aster dum. 'Anneke',HERB_PERENNES
E062A,,Rosa 'ORAgidel ORA 150-700',ARBUSTO
PHPE_049,,Aster novae-angliae 'Andenken an Alma Poetschke',HERB_PERENNES
PHPE_050,,Aster novae-angliae 'Constance',HERB_PERENNES
PHPE_051,,Aster novae-angliae 'Purple Dome',HERB_PERENNES
PHPE_052,,Astilbe chin. 'Alive and Kicking',HERB_PERENNES
PHPE_053,,Astilbe jap. 'Bonn',HERB_PERENNES
HP_001,,Athyrium filix-femina 'Frizelliae',HERB_PERENNES
PHPE_054,,Baptisia australis,HERB_PERENNES
SHH_013,,Begonia semperflorens 'Super Olympia',HERB_ANUAL
PI_006,,Begonia venosa,HERB_ANUAL
PHPE_056,,Begonia x boliviensis 'Santa Cruz',HERB_ANUAL
PI_007,,Beloperone guttata 'Red',SUBTROPICAL/TROPICAL
PHPE_057,,Bergenia cordifolia 'Rotblum',HERB_PERENNES
PHPE_058,,Bergenia 'Dragonfly Angel Kiss',HERB_PERENNES
PHPE_059,,Bletilla striata,HERB_PERENNES
SHH_019,,Brassica oleracea 'Nagoya',HERB_ANUAL
SHH_020,,Brassica oleracea 'Osaka',HERB_ANUAL
PHPE_061,,Brunnera macrophylla,HERB_PERENNES
PHPE_063,,Brunnera macrophylla 'Variegata',HERB_PERENNES
PHPE_064,,Calamagrostis x acutiflora 'Karl Foerster',HERB_PERENNES
PI_008,,Calathea crotalifera,SUBTROPICAL/TROPICAL
PI_010,,Calathea 'Gemengd',SUBTROPICAL/TROPICAL
PI_012,,Calathea zebrina,SUBTROPICAL/TROPICAL
PHPE_065,,Calibrachoa hybrida,HERB_PERENNES
PHPE_066,,Campanula glomerata 'Emerald',HERB_PERENNES
PHPI_003,,Campanula glomerata 'Genti Blue',HERB_PERENNES
PHPE_067,,Campanula glomerata var. dahurica,HERB_PERENNES
PHPI_004,,Campanula pers. 'Cornish Mist',HERB_PERENNES
PHPE_068,,Campanula persicifolia,HERB_PERENNES
PHPE_069,,Campanula persicifolia 'La Belle Blue',HERB_PERENNES
PHPE_071,,Campanula poscharskyana,HERB_PERENNES
PHPE_072,,Canna 'Giant Orange',HERB_PERENNES
PHPE_073,,Canna 'Inferno',HERB_PERENNES
PHPE_074,,Canna 'Red Stripe',HERB_PERENNES
PHPE_075,,Canna 'Verdi',HERB_PERENNES
PHPE_076,,Capsicum annuum 'Medusa',HERB_ANUAL
PG_004,,Carex buchananii 'Red Rooster',HERB_PERENNES
PG_006,,Carex hachijoensis 'Ice Cream',HERB_PERENNES
PG_009,,Carex testacea 'Prairie Fire',HERB_PERENNES
PHPE_079,,Catananche caerulea,HERB_PERENNES
SHH_015,,Celosia plumosa 'Dragon's Breath',SUBTROPICAL/TROPICAL
SHH_016,,Celosia plumosa 'Fresh Look',SUBTROPICAL/TROPICAL
PHPE_083,,Centaurea montana,HERB_PERENNES
PHPE_084,,Cerastium tomentosum var. columnae 'Silberteppich',HERB_PERENNES
SHH_017,,Chrysanthemum paludosum 'Snowland',HERB_ANUAL
PHPE_085,,Cineraria marítima 'Silverdust',HERB_PERENNES
SHH_021,,Coleus 'Fairway',HERB_PERENNES
PHPE_086,,Coleus 'Premium Sun',HERB_PERENNES
SHH_023,,Coreopsis 'Early Sunrise',HERB_PERENNES
PHPE_087,,Coreopsis grandiflora 'Schnittgold',HERB_PERENNES
PHPE_088,,Coreopsis verticilata 'Firefly',HERB_PERENNES
PHPE_089,,Coreopsis verticilata 'Moonbeam',HERB_PERENNES
PHPE_091,,Crocosmia 'Emily McKenzie',HERB_PERENNES
PHPE_092,,Crocosmia 'George Davidson',HERB_PERENNES
PI_013,,Cryptanthus bivittatus 'Pink Starlite',SUBTROPICAL/TROPICAL
PI_014,,Cryptanthus mix,SUBTROPICAL/TROPICAL
PI_015,,Cryptanthus 'Red Star',SUBTROPICAL/TROPICAL
PI_016,,Cryptanthus 'Rubin Star',SUBTROPICAL/TROPICAL
PHPE_095,,Cyclamen coum,HERB_PERENNES
PHPE_096,,Cyclamen hederifolium,HERB_PERENNES
PHPE_097,,Cyclamen persicum,HERB_PERENNES
PHPE_099,,Delphinium grandiflorum 'Blauer Zwerg',HERB_PERENNES
PHPE_100,,Delphinium 'Pacific',HERB_PERENNES
PHPE_101,,Deschampsia cespitosa,HERB_PERENNES
E012A,,Rosa 'CROsoran',ARBUSTO
PHPE_102,,Dianthus deltoides 'Brillant',HERB_PERENNES
PHPE_103,,Dianthus plumarius fl. pl,HERB_PERENNES
PHPE_104,,Dicentra eximia 'Stuart Boothman',HERB_PERENNES
PHPE_105,,Dicentra formosa,HERB_PERENNES
PHPE_106,,Dicentra spectabilis,HERB_PERENNES
PI_017,,Dieffenbachia amoena 'Camilla',SUBTROPICAL/TROPICAL
PI_018,,Dieffenbachia seguine 'Tropic Snow',SUBTROPICAL/TROPICAL
PHPE_108,,Digitalis purpurea 'Gloxiniaeflora',HERB_PERENNES
PHPE_109,,Mandevilla hybrida,TAPIZANTE/TREPADORA
PI_019,,Dracaena fragans 'Limon Lime',SUBTROPICAL/TROPICAL
HP_003,,Dryopteris affinis,HERB_PERENNES
HP_004,,Dryopteris filix-mas,HERB_PERENNES
PHPE_110,,Echinacea purpurea,HERB_PERENNES
PHPI_006,,Echinacea purpurea 'Augustkönigin',HERB_PERENNES
E031A,,Rosa 'AM-932-FLO',ARBUSTO
PHPE_112,,Echinacea purpurea 'Magnus',HERB_PERENNES
PHPE_113,,Echinacea purpurea 'Pink Double Delight',HERB_PERENNES
PHPE_114,,Echinops  ritro 'Veitch's Blue',HERB_PERENNES
PHPE_115,,Echinops ritro,HERB_PERENNES
PI_024,,Epipremnum pinnatum 'Golden Pothos',SUBTROPICAL/TROPICAL
PHPE_117,,Eragrostis spectabilis,HERB_PERENNES
PHPE_118,,Erigeron speciosus 'Rosa Juwel',HERB_PERENNES
PHPE_119,,Eryngium planum,HERB_PERENNES
PHPE_120,,Eryngium planum 'Blauer Zwerg',HERB_PERENNES
PHPI_007,,Eryngium planum 'Jade Frost',HERB_PERENNES
PHPE_123,,Euphorbia amygdaloides 'Purpurea',HERB_PERENNES
PHPE_124,,Euphorbia hypericifolia,HERB_PERENNES
PHPE_125,,Euphorbia polychroma,HERB_PERENNES
JSU,Jacobina,Jacobinia suberecta,ARBUSTO
PG_010,,Festuca glauca 'Elijah Blue',HERB_PERENNES
PI_027,,Ficus benjamina 'Columnar',SUBTROPICAL/TROPICAL
PI_029,,Ficus benjamina 'Danielle',SUBTROPICAL/TROPICAL
PI_031,,Ficus benjamina 'Exotica',SUBTROPICAL/TROPICAL
PI_032,,Ficus benjamina 'Midnight Lady',SUBTROPICAL/TROPICAL
PI_033,,"Ficus binnendykii ""Alii""",SUBTROPICAL/TROPICAL
PI_034,,"Ficus binnendykii ""Amstel King""",SUBTROPICAL/TROPICAL
PHPE_127,,Filipendula rubra 'Venusta Magnifica',HERB_PERENNES
PHPE_128,,Filipendula ulmaria 'Variegata',HERB_PERENNES
PHPE_129,,Filipendula vulgaris 'Plena',HERB_PERENNES
PHPE_131,,Foeniculum vulgare 'Purpureum',HERB_PERENNES
PHPE_132,,Fuchsia magellanica 'Ricartonii',HERB_PERENNES
PHPE_133,,Gaillardia aristata 'Kobold',HERB_PERENNES
SHH_024,,Gaillardia 'Arizona Sun',HERB_PERENNES
SHH_025,,Gazania 'Kiss',HERB_PERENNES
SHH_026,,Gazania 'New Days',HERB_PERENNES
PHPE_137,,Geranium cantabrigiense 'Karmina',HERB_PERENNES
PHPE_138,,Geranium himalayense,HERB_PERENNES
PHPE_139,,Geranium 'Johnson's Blue',HERB_PERENNES
PHPE_140,,Geranium macrorrhizum 'Spessart',HERB_PERENNES
PHPE_141,,Geranium oxonianum 'Sherwood',HERB_PERENNES
PHPE_142,,Geranium phaeum 'Samobor',HERB_PERENNES
PHPE_143,,Geranium 'Rozanne',HERB_PERENNES
PHPE_146,,Geranium sanguineum 'Pink Summer',HERB_PERENNES
PHPE_147,,Geum chiloense 'Lady Stratheden',HERB_PERENNES
PHPE_148,,Geum 'Mrs. Bradshaw',HERB_PERENNES
PI_037,,Gloriosa 'Triangle',SUBTROPICAL/TROPICAL
PHPE_149,,Gypsophila paniculata 'Festival Pink',HERB_PERENNES
PG_011,,Hakonechloa macra 'All Gold',HERB_PERENNES
PHPE_152,,Helenium 'Biedermeier',HERB_PERENNES
PHPE_153,,Helianthemum nummularium 'Mutabile',HERB_ANUAL
PHPE_154,,Heliopsis 'Asahi',HERB_PERENNES
PHPE_155,,Heliopsis helianthoides var. scabra 'Sommersonne',HERB_PERENNES
PHPE_156,,Helleborus orientalis 'Double Ellen Green',HERB_PERENNES
PHPE_157,,Hemerocallis 'Arabian Magic',HERB_PERENNES
PHPE_159,,Hemerocallis 'Fulva',HERB_PERENNES
PHPE_162,,Hemerocallis 'Stella d'Oro',HERB_PERENNES
PHPI_008,,Hemerocallis 'Red Precious',HERB_PERENNES
PHPI_009,,Heuchera 'Caramel',HERB_PERENNES
PHPI_010,,Heuchera 'Lime Marmalade',HERB_PERENNES
PHPI_011,,Heuchera 'Peach Flambé',HERB_PERENNES
PHPE_163,,Hosta 'Albopicta',HERB_PERENNES
PHPE_164,,Hosta 'Alligator Alley',HERB_PERENNES
PHPE_166,,Hosta 'Aureomarginata',HERB_PERENNES
PHPE_167,,Hosta 'Blue Angel',HERB_PERENNES
PHPE_168,,Hosta 'Devon Green',HERB_PERENNES
PHPE_169,,Hosta 'Frosted Jade',HERB_PERENNES
PHPE_170,,Hosta 'Gold Standard',HERB_PERENNES
PHPE_171,,Hosta 'Grand Marquee',HERB_PERENNES
PHPI_012,,Hosta sieboldiana 'Elegans',HERB_PERENNES
PI_039,,Hoya carnosa 'Compacta',TAPIZANTE/TREPADORA
PI_040,,Hoya carnosa 'Gracilis',TAPIZANTE/TREPADORA
PHPE_343,,Iris bulleyana,HERB_PERENNES
PI_043,,Hoya carnosa 'Tricolor',TAPIZANTE/TREPADORA
PHPE_173,,Hypericum calycinum 'Senior',HERB_PERENNES
PHPE_174,,Hypericum polyphyllum 'Grandiflorum',HERB_PERENNES
E014A,,Rosa 'AM-931-FLO',ARBUSTO
PHPE_175,,Hyssopus officinalis,HERB_PERENNES
PHPE_176,,Iberis sempervirens 'Appen-Etz',HERB_PERENNES
PHPE_177,,Impatiens walleriana 'Beacon',HERB_ANUAL
PHPE_178,,Inula helenium,HERB_PERENNES
PHPE_179,,Iris ensata 'Angel Mountain',HERB_PERENNES
PHPE_180,,Iris germanica 'Alcazar Lavendelblauw',HERB_PERENNES
PHPE_181,,Iris kaempferi,HERB_PERENNES
PHPE_182,,Iris pallida 'Albo Variegata',HERB_PERENNES
PHPE_183,,Iris pallida 'Aureo Variegata',HERB_PERENNES
A042A,,Rosa 'ADAkdix',ARBUSTO
PHPE_186,,Iris sibirica 'Blue King',HERB_PERENNES
PHPE_188,,Iris sibirica 'Having Fun' Iris sibirica 'Wildform,HERB_PERENNES
PHPE_187,,Iris sibirica 'Having Fun',HERB_PERENNES
PHPE_189,,Iris versicolor,HERB_PERENNES
PHPE_191,,Iris versicolor 'Kermesina',HERB_PERENNES
PHPE_192,,Kniphofia 'Alcazar',HERB_PERENNES
PHPE_193,,Kniphofia 'Incandensce',HERB_PERENNES
PHPE_194,,Kniphofia uvaria 'Flamenco',HERB_PERENNES
PHPE_195,,Lantana montevidensis,ARBUSTO
PHPE_197,,Lavandula angustifolia 'Munstead',ARBUSTO
PHPE_198,,Leucanthemum 'Alaska',HERB_PERENNES
PHPE_199,,Leucanthemum 'Snow Lady',HERB_PERENNES
D100A,Rosal 'Crimson Glory',Rosa 'Crimson Glory',ARBUSTO
PHPE_202,,Linum perenne 'Nanum Album Diamant',HERB_PERENNES
PG_013,,Liriope muscari 'Ingwersen',HERB_PERENNES
PHPE_205,,Lobelia 'Crimson Princess',HERB_PERENNES
PHPE_206,,Lobelia 'Riviera',HERB_PERENNES
PHPE_208,,Lupinus 'My Castle',HERB_PERENNES
PHPE_209,,Lupinus 'Noble Maiden',HERB_PERENNES
PHPE_210,,Lupinus perennis 'Russell Band of Nobles',HERB_PERENNES
PHPE_211,,Lupinus 'The Chatelaine',HERB_PERENNES
PHPE_212,,Lupinus 'The Governor',HERB_PERENNES
PHPE_213,,Lupinus 'The Pages',HERB_PERENNES
PHPE_216,Lychnis coronaria,Silene coronaria,HERB_PERENNES
PHPE_217,,Silene flos-cuculi,HERB_PERENNES
PHPE_218,,Silene viscaria 'Plena',HERB_PERENNES
PHPE_219,,Lysimachia nummularia 'Goldilocks',HERB_PERENNES
PHPE_220,,Lysimachia punctata 'Alexande',HERB_PERENNES
PHPE_221,,Lythrum salicaria 'Robert',HERB_PERENNES
PHPE_222,,Lythrum salicaria 'Swirl',HERB_PERENNES
PI_045,,Medinilla magnifica 'Chef Fleur',SUBTROPICAL/TROPICAL
PHPE_225,,Miscanthus sinensis 'Adagio',HERB_PERENNES
PHPE_226,,Miscanthus sinensis 'Gracillimus',HERB_PERENNES
PHPE_227,,Miscanthus sinensis 'Malepartus',HERB_PERENNES
PHPE_229,,Miscanthus sinensis 'Zebrinus',HERB_PERENNES
PG_018,,Molinia arund. 'Karl Foerster',HERB_PERENNES
PHPE_230,,Monarda 'Bee-Free',HERB_PERENNES
PHPE_231,,Monarda didyma,HERB_PERENNES
PHPE_232,,Monarda didyma 'Cambridge Scarlet',HERB_PERENNES
PHPE_233,,Monarda 'Gardenview Scarlet',HERB_PERENNES
PI_047,,Monstera other 'Minima Op Rek',HERB_PERENNES
PHPE_235,,Myosotis palustris,HERB_PERENNES
PI_044,,Maranta leuconeura 'Fascinator',SUBTROPICAL/TROPICAL
PHPE_236,,Nepeta x faassenii 'Senior',HERB_PERENNES
PHPE_237,,Nepeta x faassenii 'Six Hills Giant',HERB_PERENNES
HP_005,,Nephrolepis exaltata 'Boston',HERB_PERENNES
SHH_005,,Ocimum basilicum 'Ever Leaf',HERB_PERENNES
SHH_004,,Ocimum basilicum 'Gecom',HERB_PERENNES
PHPE_241,,Pachysandra terminalis 'Green Sheen',TAPIZANTE/TREPADORA
PHPE_242,,Paeonia lact. 'Adolphe Rousseau',HERB_PERENNES
PHPE_243,,Paeonia off. 'Rosea Superba',HERB_PERENNES
PG_021,,Panicum virgatum 'Prairie Sky',HERB_PERENNES
PHPE_245,,Panicum virgatum 'Warrior',HERB_PERENNES
PHPE_246,,Papaver orientale 'Beauty of Livermere',HERB_PERENNES
PHPE_248,,Penstemon 'Appleblossom',HERB_PERENNES
PHPE_249,,Penstemon 'Huskers Red',HERB_PERENNES
PHPE_250,,Pentas lanceolata 'Graffiti',HERB_PERENNES
SHH_006,,Petroselinum crispum,HERB_PERENNES
SHH_007,,Petroselinum crispum 'Curledç',HERB_PERENNES
PG_022,,Phalaris arundinacea 'Feesey',HERB_PERENNES
PHPE_254,,Phlox paniculata 'Laura',HERB_PERENNES
PHPE_255,,Phlox subulata 'Scarlet Flame',HERB_PERENNES
HP_006,,Phyllitis scolopendrium,HERB_PERENNES
TR-468,,Strobilanthes anisophyllus,HERB_PERENNES
PHPE_258,,Physostegia virginiana 'Rosea',HERB_PERENNES
B067B,,Rosa 'ADAfualo',ARBUSTO
B049A,,Rosa 'Adair Roche',ARBUSTO
D043B,,Rosa 'ADAlocop',ARBUSTO
TC2A.1,,Rosa 'ADAphyri',ARBUSTO
D019B,,Rosa 'ADAquachateau',ARBUSTO
B019B,,Rosa 'ADAstridalo',ARBUSTO
TR-289,,Inga feuilleei,SUBTROPICAL/TROPICAL
B068B,,Rosa 'Adolf Horstmann',ARBUSTO
SP21,,Rosa agrestis Savi,ARBUSTO
H14D,,Rosa 'Aimmée Vivert',ARBUSTO
FT04E,,Rosa 'Alain Cl.',ARBUSTO
D041B,Rosa 'ALB 95/1',Rosa 'Angel Eyes',ARBUSTO
H05A,,Rosa alba L.,ARBUSTO
PHPE_271,,Rudbeckia fulgida 'Goldsturm',HERB_PERENNES
SHH_028,,Rudbeckia hirta 'Toto',HERB_PERENNES
PHPE_272,,Sagina subulata,HERB_PERENNES
PI_048,,Saintpaulia spectra 'Mix',HERB_ANUAL
PHPE_273,,Salvia microphylla 'Hot Lips',HERB_PERENNES
ILAL,Acebo,Ilex x altaclerensis,ARBUSTO
PHPE_275,,Salvia officinalis 'Icterina',HERB_PERENNES
PHPE_276,,Salvia officinalis 'Purpurascens',HERB_PERENNES
SHH_029,,Salvia splendens 'Vista',HERB_PERENNES
B077A,,Rosa 'Alec Rose',ARBUSTO
FM05,,Rosa 'Alejandra Conde',ARBUSTO
B024A,,Rosa 'Alexander',ARBUSTO
B089B,,Rosa 'Alezane',ARBUSTO
FT20I,,Rosa 'Allen Chandler',ARBUSTO
AA64A,,Rosa 'Allgold Cl.',ARBUSTO
AB63C,,Rosa 'Aloha Cl.',ARBUSTO
B020A,,Rosa 'Alpine Sunset',ARBUSTO
B022B,,Rosa 'Altair',ARBUSTO
D017B,,Rosa 'AM-411-FLO',ARBUSTO
D052B,,Rosa 'Zepeti',ARBUSTO
C007D,,Rosa 'AM-665-HT',ARBUSTO
D027B,,Rosa 'Ambassador',ARBUSTO
G04,,Rosa 'Amber Cover',ARBUSTO
E034A,,Rosa 'Amber Queen',ARBUSTO
H05F,,Rosa 'Amélia',ARBUSTO
E050,,Rosa 'Anabell',ARBUSTO
B035A,,Rosa 'Andres Batlle',ARBUSTO
BP82A,,Rosa 'Apricot Nectar',ARBUSTO
C007G,,Rosa 'Argental',ARBUSTO
B045A,,Rosa 'Artiste',ARBUSTO
SP04,,Rosa arvensis Hudson,ARBUSTO
D049A,,Rosa 'Audace',ARBUSTO
B077B,,Rosa 'Avila',ARBUSTO
AB62D,,Rosa 'Awakening',ARBUSTO
FM04,,Rosa 'Baby Romantica',ARBUSTO
B018A,,Rosa 'Baccará',ARBUSTO
C007B,,Rosa 'Bad Birnbach',ARBUSTO
C002H,,Rosa 'BAR 5113',ARBUSTO
B073B,,Rosa 'BAR 6185',ARBUSTO
C007H,,Rosa 'BAR 6953',ARBUSTO
B040B,,Rosa 'BAR 7619',ARBUSTO
B014A,,Rosa 'BAR 7732',ARBUSTO
D042B,,Rosa 'BAR 8302',ARBUSTO
H24C,,Rosa 'Baronne Prévost',ARBUSTO
G05,,Rosa 'Bayerland Cover',ARBUSTO
A027,,Rosa 'Bella Weiss',ARBUSTO
H03F,,Rosa 'Belle Couronnée',ARBUSTO
B076A,,Rosa 'Benita',ARBUSTO
AA56B,,Rosa 'Bettina cl.',ARBUSTO
B068A,,Rosa 'Big Purple',ARBUSTO
BP84A,,Rosa 'Black Queen',ARBUSTO
FM08,,Rosa 'Blue Parade',ARBUSTO
B048,,Rosa 'Bluenette',ARBUSTO
H22A,,Rosa 'Blush Boursault',ARBUSTO
H14B,,Rosa 'Blush Noisette',ARBUSTO
C001,,Rosa 'Bonica',ARBUSTO
C008D,,Rosa 'Bordure Rose',ARBUSTO
C003D,,Rosa 'Bordure Vive',ARBUSTO
C002D,,Rosa 'Bordurella',ARBUSTO
BP56B,,Rosa 'Botero',ARBUSTO
TA2D.1,,Rosa 'Breath of Life',ARBUSTO
B078A,,Rosa 'Brinessa',ARBUSTO
SP13,,Rosa caballicensis Puget ex Déségl,ARBUSTO
SP15,,Rosa caesia Sm.,ARBUSTO
B035D,,Rosa 'Calella 650 Aniversari',ARBUSTO
E014,,Rosa 'Camelia',ARBUSTO
EA66C,,Rosa 'Camélia Rose',ARBUSTO
C008H,,Rosa 'Candia Meidilland',ARBUSTO
E023,,Rosa 'Candy Rose',ARBUSTO
H04D,,Rosa canina 'Inermis',ARBUSTO
H04C,,Rosa canina 'Laxa',ARBUSTO
D080A,,Rosa 'Cardinal Hume',ARBUSTO
A043A,,Rosa 'Carinella',ARBUSTO
PI_042,,Hoya carnosa Mix,TAPIZANTE/TREPADORA
AB61B,,Rosa 'Carla Cl.',TAPIZANTE/TREPADORA
BP01B,,Rosa 'Carmagnole',ARBUSTO
B035B,,Rosa 'Carmen de Bencomo',ARBUSTO
H21B,,Rosa carolina,ARBUSTO
E063A,,Rosa 'Carte Blanche',ARBUSTO
AB64A,,Rosa 'Cascade',ARBUSTO
A052B,,'Castell d'Alaquàs',ARBUSTO
FT02E,,Rosa 'Cécile Brünner cl.',ARBUSTO
H05D,,Rosa 'Celeste',ARBUSTO
H14A,,Rosa 'Champneys 'Pink Cluster'',ARBUSTO
B101A,,Rosa 'Chanelle',ARBUSTO
BP29C,,Rosa 'Charles Aznavour',ARBUSTO
D099A,,Rosa 'Charles de Gaulle',ARBUSTO
H02E,,Rosa 'Charles de Mills',ARBUSTO
BP03A,,Rosa 'Chartreuse de Parme',ARBUSTO
ST-274,,Hierochloe odorata,SUBTROPICAL/TROPICAL
H12E,,Rosa chinensis 'Mutabilis',ARBUSTO
H12A,,Rosa chinensis 'Semperflorens',ARBUSTO
H12F,,Rosa chinensis 'Viridiflora',ARBUSTO
B107B,,Rosa 'Chola Correcher',ARBUSTO
B099A,,Rosa 'Christian Dior',ARBUSTO
H14F,,Rosa 'Chromatella',ARBUSTO
D041A,,Rosa 'Chrysler Imperial',ARBUSTO
E028,,Rosa 'Clair Matin',ARBUSTO
E032,,Rosa 'Class Act',ARBUSTO
BP58A,,Rosa 'Claus Dalby',ARBUSTO
D019A,,Rosa 'Clos Fleuri',ARBUSTO
H02G,,Rosa 'Complicata',ARBUSTO
D103A,,Rosa 'Comtesse Jeanne de Flandre',ARBUSTO
B080B,,Rosa 'Concha Espina',ARBUSTO
C009D,,Rosa 'Conquistador',ARBUSTO
SP10,,"Rosa coriifolia Fr., Novit. Fl. Suec.",ARBUSTO
SP16,,Rosa corimbifera Borkhausen,ARBUSTO
C007F,,Rosa 'Crêpe de Chine',ARBUSTO
EB71A,,Rosa 'CROloire',ARBUSTO
H05C,,Rosa 'Cuisse de Nymphe',ARBUSTO
B030B,,Rosa 'Cumbaya',ARBUSTO
D048,,Rosa 'Daniela',ARBUSTO
A004,,Rosa 'Danse des Sylphes',ARBUSTO
B073A,,Rosa 'Danubio Azul',ARBUSTO
C008C,,Rosa 'DELcaros CC 95.1037.201',ARBUSTO
C006D,,Rosa 'DELviras',ARBUSTO
H14C,,Rosa 'Desprez',ARBUSTO
E051A,,Rosa 'Diablotin',ARBUSTO
E019,,Rosa 'Diadem',ARBUSTO
D108B,,Rosa 'Diamond Border',ARBUSTO
A011,,Rosa 'Dinky',ARBUSTO
BP29A,,Rosa 'Dioressence',ARBUSTO
B070B,,Rosa 'Discovery 2009',ARBUSTO
B103B,,Rosa 'Donatella',ARBUSTO
B017B,,Rosa 'DORcomi 199-66',ARBUSTO
B093,,Rosa 'Dorola',ARBUSTO
AB56A,,Rosa 'Dorothy Perkins',ARBUSTO
D073A,,Rosa 'Dr. Fleming',ARBUSTO
B042A,,Rosa 'Dr. Zumel',ARBUSTO
H15A,,Rosa 'Duchesse de Portland',ARBUSTO
SP20,,Rosa dumalis Bechstein,ARBUSTO
TB1B.1,,Rosa 'Dune',ARBUSTO
C009E,,Rosa 'Eclat de Rire',ARBUSTO
B044B,,Rosa 'Ecrins',ARBUSTO
D022A,,Rosa 'Edelweiss',ARBUSTO
D053A,,Rosa 'Eiffel Tower',ARBUSTO
B051A,,Rosa 'Elan',ARBUSTO
H32B,,Rosa 'Else Poulsen',ARBUSTO
B100A,,Rosa 'Embruixada',ARBUSTO
D043A,,Rosa 'Erotika',ARBUSTO
D079A,,Rosa 'Escapade',ARBUSTO
D025B,,Rosa 'Eternal',ARBUSTO
H17F,,Rosa 'Evangeline',ARBUSTO
A029B,,Rosa 'EVEjardisor 11-3007-1',ARBUSTO
B045B,,Rosa 'EVElijar',ARBUSTO
B027A,,Rosa 'Evening Star',ARBUSTO
B047B,,Rosa 'EVEparo',ARBUSTO
D020B,,Rosa 'EVEsisna',ARBUSTO
C007A,,Rosa 'EVEtricol',ARBUSTO
A031B,,Rosa 'Eyeopener',ARBUSTO
A042,,Rosa 'Fandango',ARBUSTO
H07E,,Rosa 'Fantin-Latour',ARBUSTO
B001,,Rosa 'Fashion',ARBUSTO
B050A,,Rosa 'Favori',ARBUSTO
D046B,,Rosa 'FE 00241',ARBUSTO
D073B,,Rosa 'FE 02156',ARBUSTO
E063B,,Rosa 'Santiago Ramón y Cajal',ARBUSTO
D047B,,Rosa 'FE 95040',ARBUSTO
CA-188,,Helianthocereus pseudocandicans,CACTACEA/SUCULENTA
E059,,Rosa 'Federico Garcia Lorca',ARBUSTO
H16H,,Rosa fedtschenkoana Regel,ARBUSTO
D106B,,Rosa 'FEgesa',ARBUSTO
D049B,,Rosa 'FElfut FE00555',ARBUSTO
B046B,Rosa 'FElisiai FE 10023',Rosa 'Maria Vallet',ARBUSTO
B069B,,Rosa 'FEmini FE 10012',ARBUSTO
A013B,,Rosa 'FEmola',ARBUSTO
D107B,,Rosa 'FEnsta FE 98029',ARBUSTO
B049B,,Rosa 'FEpionaje (890.86)',ARBUSTO
B043B,,Rosa 'FEpoc FE 00471',ARBUSTO
D045B,,Rosa 'FEposa FE 96028',ARBUSTO
A001,,Rosa 'Ferdy',ARBUSTO
HEHS,Hiedra de Irlanda 'Sagittifolia',Hedera hibernica 'Sagittifolia',TAPIZANTE/TREPADORA
B019A,,Rosa 'FEsema',ARBUSTO
D077B,,Rosa 'FEtelu FE 98043',ARBUSTO
D024B,,Rosa 'WR/AM-815-MIN',ARBUSTO
D095B,,Rosa 'FEulma FE 03105',ARBUSTO
H16E,,Rosa 'Fimbriata',ARBUSTO
EB76A,,Rosa 'Finistrelles',ARBUSTO
B044A,,Rosa 'First Love',ARBUSTO
B053B,,Rosa 'Flaming Cover',ARBUSTO
D095A,,Rosa 'Florian',ARBUSTO
D035A,,Rosa 'Florina Pita-Romero',ARBUSTO
B016B,,Rosa 'FM-301-AM',ARBUSTO
SP17,,Rosa foetida  Herrann.,ARBUSTO
H09F,,Rosa foetida 'Persiana' Lem.,ARBUSTO
E013B,,Rosa 'Folklore',ARBUSTO
B027B,,Rosa 'Fontainebleau',ARBUSTO
BP01A,,Rosa 'Fragola',ARBUSTO
D068B,,Rosa 'Fragonard',ARBUSTO
B089C,,Rosa 'Francisco Curbera',ARBUSTO
AA57A,,Rosa 'Fugue',ARBUSTO
H02B,,Rosa gallica 'Officinalis',ARBUSTO
H02C,,Rosa gallica 'Versicolor',ARBUSTO
B103A,,Rosa 'Gamma',ARBUSTO
D097B,,Rosa 'Gartenfreund',ARBUSTO
H08D,,Rosa 'General Drouot',ARBUSTO
H24D,,Rosa 'General Jacqueminot',ARBUSTO
BP83B,,Rosa 'George Moustaki',ARBUSTO
D012,,Rosa 'Gigi',ARBUSTO
E043,,Rosa 'Gina Lollobrigida',ARBUSTO
SP11,,Rosa glauca,ARBUSTO
E022,,Rosa 'Gletscherfée',ARBUSTO
H08F,,Rosa 'Gloire des Mousseuses',ARBUSTO
H24A,,Rosa 'Gloire des Rosomanes',ARBUSTO
H31C,,Rosa 'Gloire Lyonnaise',ARBUSTO
B050B,,Rosa 'Glowing',ARBUSTO
B040A,,Rosa 'Gold Bunny',ARBUSTO
G06,,Rosa 'Golden Cover',ARBUSTO
E035,,Rosa 'Golden Holstein',ARBUSTO
FT01I,,Rosa 'Goldilocks Cl.',TAPIZANTE/TREPADORA
E042,,Rosa 'Grace de Monaco',ARBUSTO
A023,,Rosa 'Graham Thomas',ARBUSTO
AA55B,,Rosa 'Grand Award',TAPIZANTE/TREPADORA
A020,,Rosa 'Grand Hotel',ARBUSTO
D045A,,Rosa 'Grand Nord',ARBUSTO
AB65A,,Rosa 'Grand´Mère Jenny Cl.',TAPIZANTE/TREPADORA
BP58B,,Rosa 'Gruss an A'achen',ARBUSTO
FLL13,,Rosa 'Guirlande Fleurie',ARBUSTO
AA58A,,Rosa 'Guy Savoy',TAPIZANTE/TREPADORA
C003A,,Rosa 'Heavenly Pink',ARBUSTO
D083A,,Rosa 'Heidekind',ARBUSTO
B028,,Rosa 'Heidekönigin',ARBUSTO
B029A,,Rosa 'Heideschnee',ARBUSTO
D032,,Rosa 'Heinzelmännchen',ARBUSTO
D040A,,Rosa 'Helmut Schmidt',ARBUSTO
H09C,,Rosa hemisphaerica Herrm.,ARBUSTO
H13D,,Rosa 'Honorine de Brabant',ARBUSTO
C008I,,Rosa 'Horsholm City-rose',ARBUSTO
C007N,,Rosa 'Horta',ARBUSTO
E021,,Rosa 'Iceberg',ARBUSTO
B031,,Rosa 'Immensee',ARBUSTO
B009,,Rosa 'Imperator',ARBUSTO
H12D,,Rosa indica 'Sulphurea',ARBUSTO
B081A,,Rosa 'Infanta Leonor',ARBUSTO
D089A,,Rosa 'Infanta Pilar',ARBUSTO
A034,,Rosa 'Ingrid Bergman',ARBUSTO
B105A,,Rosa 'Ingrid Weibull,ARBUSTO
B016A,,Rosa 'Inka',ARBUSTO
A025,,Rosa 'Interflora',ARBUSTO
FLL26,,Rosa 'Intervilles',ARBUSTO
H03G,,Rosa 'Ispahan',ARBUSTO
C008B,,Rosa 'JACose',ARBUSTO
BP04A,,Rosa 'Jardins de France',ARBUSTO
D051B,OBTENTOR: DALMAU,Rosa 'Jazz',ARBUSTO
B094B,,Rosa 'JM 89.9800.200',ARBUSTO
D096A,,Rosa 'Jockey',ARBUSTO
B008B,,Rosa 'Juli  de Sala',ARBUSTO
BP30A,,Rosa 'Julia´s Rose',ARBUSTO
B023A,,Rosa 'Julie Delbard',ARBUSTO
BP55A,,Rosa 'Julio Iglesias',ARBUSTO
D104A,,Rosa 'Julischka',ARBUSTO
D081A,,Rosa 'Jupon Rose',ARBUSTO
D072B,,Rosa 'Kailani',ARBUSTO
B059,,Rosa 'Kalinka',ARBUSTO
HEH,Hiedra de Irlanda,Hedera hibernica,TAPIZANTE/TREPADORA
AB63D,,Rosa 'Kathleen Harrop',TAPIZANTE/TREPADORA
E056,,Rosa 'Kathryn Morley',ARBUSTO
E030B,,Rosa 'Intrigue',ARBUSTO
D050A,,Rosa 'KE-771-MIN',ARBUSTO
C009A,,Rosa 'Keep in Touch',ARBUSTO
E051B,,Rosa 'KO 08/2024-25',ARBUSTO
E033B,,Rosa 'KO 09/2539-01',ARBUSTO
HHEV,Hiedra variegada,Hedera helix 'Variegata',TAPIZANTE/TREPADORA
C007K,,Rosa 'Kordes' Brillant',ARBUSTO
C008J,,Rosa 'KORlerei',ARBUSTO
D094B,,Rosa 'KORtaltal KO- 03/1580-02',ARBUSTO
TC1D.2,,Rosa 'KORwerti',ARBUSTO
A051,,Rosa 'Kronenbourg',ARBUSTO
H02F,,Rosa 'La Belle Sultane',ARBUSTO
A043B,,Rosa 'La France',ARBUSTO
D026A,,Rosa 'La Paloma 85',ARBUSTO
AA62A,,Rosa 'La Sevillana Cl.',TAPIZANTE/TREPADORA
EA73A,,Rosa 'Lady Hillingdon Cl.',TAPIZANTE/TREPADORA
H31B,,Rosa 'Lady Mary Fitzwilliam',ARBUSTO
FM03,,Rosa 'Lady Meillandina',ARBUSTO
B022A,,Rosa 'Lady X',ARBUSTO
H20A,,Rosa laevigata Mich.,ARBUSTO
B096A,,Rosa 'Lancôme',ARBUSTO
B104A,,Rosa 'Landora',ARBUSTO
D018A,,Rosa 'LAPestri LAP 3706 A2',ARBUSTO
E020,,Rosa 'Lavender Dream',ARBUSTO
C007E,,Rosa 'LENaba LLx8794',ARBUSTO
B106A,,Rosa 'LENapavi  LLx8766',ARBUSTO
C006F,,Rosa 'Leó Ferre',ARBUSTO
BP30C,,Rosa 'Leonardo da Vinci',ARBUSTO
D035B,,Rosa 'Leonor March',ARBUSTO
B066,,Rosa 'Letizia',ARBUSTO
FT11I,,Rosa 'Leverkusen',ARBUSTO
A012A,,Rosa 'Lilli Marleen',ARBUSTO
D014B,,Rosa 'Limona',ARBUSTO
C004J,,Rosa 'Lina',ARBUSTO
C002C,,Rosa 'Louis Bleriot',ARBUSTO
H17A,,Rosa luciae,ARBUSTO
B043A,,Rosa 'Lucinde',ARBUSTO
B095B,,Rosa 'Lupo',ARBUSTO
D062A,,Rosa 'Mª Eulalia Miró',ARBUSTO
A045A,,Rosa 'Ma Perkins',ARBUSTO
D077A,,Rosa 'Mª Teresa de Esteban',ARBUSTO
A041,,Rosa 'Malcolm Sargent',ARBUSTO
B021,,Rosa 'Mandarin',ARBUSTO
B079A,,Rosa 'Mandarin 16',ARBUSTO
D024A,,Rosa 'Manou Gaujard',ARBUSTO
D047A,,Rosa 'Marco Polo',ARBUSTO
D005,,Rosa 'Margaret Merril',ARBUSTO
E052B,,Rosa 'Margarita Salas',ARBUSTO
DP02B,,Rosa 'Maria Mathilda',ARBUSTO
B008C,,Rosa 'Maria Ribas Debañuls',ARBUSTO
BP85B,,Rosa 'Marie Curie',ARBUSTO
E065,,Rosa 'Marina',ARBUSTO
A044A,,Rosa 'Marta Casals',ARBUSTO
C003G,,Rosa 'Martin des Senteurs',ARBUSTO
E047,,Rosa 'Mary Rose',ARBUSTO
B082,,Rosa 'Masquerade',ARBUSTO
E013,,Rosa 'Matthias Meilland',ARBUSTO
C003C,,Rosa 'MEIcaful FA 014 AM',ARBUSTO
C007C,,Rosa 'MEIcellie FA-307-MR',ARBUSTO
C008G,,Rosa 'MEIlacneis FM-707-MR',ARBUSTO
B098B,,Rosa 'MEImardies FM-802-MR',ARBUSTO
TC1B.2,,Rosa 'MEInalider',ARBUSTO
D108A,,Rosa 'MEInoemi',ARBUSTO
D101B,,Rosa 'MEInorosa FM-125-AM',ARBUSTO
B018B,,Rosa 'MEIoruro FM-002-MR',ARBUSTO
C008N,,Rosa 'MEIoxal',ARBUSTO
C004A,,Rosa 'MEIpaktus FM-404-AM',ARBUSTO
C003I,,Rosa 'MEIsloty FM-315-MR',ARBUSTO
B101B,,Rosa 'MEIsolode FA-810-AM',ARBUSTO
D078A,,Rosa 'Melrose',ARBUSTO
D062C,,Rosa 'Miami Playa',ARBUSTO
E039,,Rosa 'Michel Liss',ARBUSTO
BP83A,,Rosa 'Michelangelo',ARBUSTO
BP31A,,Rosa 'Mildred Scheel',ARBUSTO
D052A,,Rosa 'Milrose',ARBUSTO
B074B,,Rosa 'Minerva',ARBUSTO
FLL12,,Rosa 'Mini Eden Rose',ARBUSTO
D070A,,Rosa 'Mister Lincoln',ARBUSTO
D044A,Rosa  Peace,Rosa 'Mme. A. Meilland',ARBUSTO
EB66A,,Rosa 'Mme. A. Meilland Cl.',TAPIZANTE/TREPADORA
CA-420,,Haworthia magnifica,CACTACEA/SUCULENTA
B026A,,Rosa 'Mme. de Carbuccia',ARBUSTO
D027A,,Rosa 'Mme. Dimitriu',ARBUSTO
AB62A,,Rosa 'Mme. Edouard Herriot Cl.',TAPIZANTE/TREPADORA
H03H,,Rosa 'Mme. Hardy',ARBUSTO
H07C,,Rosa 'Mme. Louise Lévêque',ARBUSTO
B039,,Rosa 'Mme. Vincent Auriol',ARBUSTO
BP31B,,Rosa 'Monsieur de Morand',ARBUSTO
TG1A.1,,Rosa 'Mont Blanc',TAPIZANTE/TREPADORA
A016,,Rosa 'Morgenrot',ARBUSTO
H22B,,Rosa 'Morletii',ARBUSTO
SP14,,Rosa moschata Joham Herrmann,ARBUSTO
H06B,,Rosa moschata 'Nepalensis' Lindl.,ARBUSTO
CA-418,,Haworthia aristata,CACTACEA/SUCULENTA
B081B,,Rosa 'MR-667-MIN',ARBUSTO
EA68A,,Rosa 'Mrs. Pierre S. du Pont Cl.',TAPIZANTE/TREPADORA
A029A,,Rosa 'Mullard Jubilee',ARBUSTO
H11A,,Rosa multiflora,ARBUSTO
H11B,,Rosa multiflora 'Inermis',ARBUSTO
H08B,,Rosa muscosa 'Simplex',ARBUSTO
B005,,Rosa 'Nina Weibull',ARBUSTO
D070B,,Rosa 'NIRPrey NJ 2003 159',ARBUSTO
PHPE_317,,Viola sororia 'Freckles',HERB_ANUAL
PHPE_316,,Viola sororia 'Blue Diamond',HERB_ANUAL
SHH_033,,Viola 'Sorbet XP',HERB_ANUAL
SHH_032,,Viola 'Grandissimo',HERB_ANUAL
PHPE_314,,Vinca minor 'Aureovariegata',TAPIZANTE/TREPADORA
PHPE_313,,Vinca major 'Variegata',TAPIZANTE/TREPADORA
SHH_031,,Vinca cora 'Cascade',TAPIZANTE/TREPADORA
PHPE_315,,Vinca cora,TAPIZANTE/TREPADORA
PHPE_312,,Veronica spicata 'Ulster Blue Dwarf',ARBUSTO
PHPE_311,,Veronica spicata 'Rotfuchs',ARBUSTO
PHPE_310,,Veronica repens,ARBUSTO
PHPE_309,,Veronica prostrata,ARBUSTO
PHPE_308,,Veronica longifolia 'Royal Pink',ARBUSTO
PHPE_307,,Verbascum olympicum,HERB_PERENNES
PHPE_306,,Verbascum chaixii 'Sixteen Candles',HERB_PERENNES
PHPE_305,,Verbascum bombyciferum,HERB_PERENNES
PHPE_303,,Tulbaghia violacea 'Silver Lace',HERB_PERENNES
SHH_008,,Thymus vulgaris 'Summer Thyme',HERB_PERENNES
PHPE_300,,Thymus serpyllum 'Magic Carpet',HERB_PERENNES
PHPE_299,,Thymus serphyllum 'Elfin',HERB_PERENNES
PHPE_298,,Thymus pulegioides,HERB_PERENNES
PHPE_297,,Thymus praecox 'Coccineus',HERB_PERENNES
PHPI_017,,Thalictrum delavayi 'Hewitt’s Double',HERB_PERENNES
PHPI_016,,Thalictrum aquilegifolium 'Thundercloud',HERB_PERENNES
PHPE_296,,Thalictrum aquilegifolium 'Hewitt's Double',HERB_PERENNES
PHPE_293,,Tetrapanax papyrifera 'Rex',HERB_PERENNES
SHH_030,,Tagetes patula 'Durango',HERB_ANUAL
PHPE_292,,Symphytum grandiflorum,HERB_PERENNES
PI_052,,Syngonium podophyllum 'Trileaf Wonder',SUBTROPICAL/TROPICAL
PHPI_015,,Stokesia laevis 'Silver Moon',HERB_PERENNES
PHPE_291,,Stokesia laevis,HERB_PERENNES
PHPE_290,,Stachys byzantina 'Silver Carpet',HERB_PERENNES
PI_050,,Sinningia Mix,HERB_ANUAL
PHPE_288,,Sedum spurium 'Purpurteppich',CACTACEA/SUCULENTA
PHPE_286,,Sedum reflexum,CACTACEA/SUCULENTA
PHPE_283,,Sedum acre 'Yellow Queen',CACTACEA/SUCULENTA
PHPE_285,,Sedum 'Matrona',CACTACEA/SUCULENTA
PHPE_284,,Sedum 'Frosty Morn',CACTACEA/SUCULENTA
PI_049,,Schefflera arboricola 'Variegata',SUBTROPICAL/TROPICAL
PHPE_281,,Scabiosa caucasica 'Perfecta',HERB_PERENNES
PHPE_280,,Scabiosa caucasica 'Clive Greeves',HERB_PERENNES
PHPE_279,,Saponaria officinalis 'Rosea Plena',HERB_PERENNES
PHPE_278,,Saponaria ocymoides,HERB_PERENNES
PHPE_277,,Sanvitalia procumbens,HERB_PERENNES
ADEJ,,Actinidia deliciosa 'Jenny',TAPIZANTE/TREPADORA
COHV,,Cotoneaster horizontalis 'Variegatus',ARBUSTO
CA-386,Uva de árbol/Uva de Namibia,Cyphostemma juttae,CACTACEA/SUCULENTA
PHFC,Photinia,"Photinia x fraseri ""Carre Rouge""",ARBUSTO
PFLR,,Photinia x fraseri 'Little Red Robin',ARBUSTO
C002E,,Rosa 'NIRPyrose NJ178',ARBUSTO
A053B,,Rosa 'NJ 07 28',ARBUSTO
A037,,Rosa 'NJ2001 96',ARBUSTO
A008,,Rosa 'Nº 08.6817.7',ARBUSTO
E049B,,Rosa 'Nº 11.11823.2',ARBUSTO
CA-180,,Gymnocalycium denudatum,CACTACEA/SUCULENTA
SP23,,Rosa obtusifolia,ARBUSTO
A048,,Rosa 'Ocaso',ARBUSTO
D054B,,Rosa 'Occitane',ARBUSTO
H12B,,Rosa 'Old blush',ARBUSTO
E045,,Rosa 'Omega',ARBUSTO
B041B,,Rosa 'ORA 271',ARBUSTO
D067B,,Rosa 'ORA1097-02',ARBUSTO
C004H,,Rosa 'ORAfe',ARBUSTO
FM01,,Rosa 'Orange Symphonie',ARBUSTO
H21A,,Rosa palustris Marsh,ARBUSTO
B052B,,Rosa 'PANfloros BP 20035',ARBUSTO
E058,,Rosa 'Papa Meilland',ARBUSTO
ST-142,,Glechoma hederacea,SUBTROPICAL/TROPICAL
D040B,,Rosa 'Parfum Royal',ARBUSTO
C007I,,Rosa 'Parole',ARBUSTO
B072A,,Rosa 'Pascali',ARBUSTO
FT03E,,Rosa 'Paul's Lemon Pillar',ARBUSTO
B099B,,Rosa 'Paz',ARBUSTO
D008C,,Rosa 'Paz Vila',ARBUSTO
C008M,,Rosa 'PC 983667-3 BORD',ARBUSTO
C008L,,Rosa 'PC 994501-7 BORD',ARBUSTO
SP19,,Rosa pendulina,ARBUSTO
C008F,,Rosa 'Pepita',ARBUSTO
B096B,,Rosa 'Pepita Simón de Bargues',ARBUSTO
GLD,Gaura,Gaura lindheimeri,HERB_PERENNES
B075,,Rosa 'Petite Folie',ARBUSTO
C005B,,Rosa 'Pharaon',ARBUSTO
H01A,,Rosa phoenicia,ARBUSTO
SP26,,Rosa pimpinellifolia,ARBUSTO
AB64C,,Rosa 'Pink Cloud',TAPIZANTE/TREPADORA
E012,,Rosa 'Pink La Sevillana',ARBUSTO
D023A,,Rosa 'Pink Meidiland',ARBUSTO
D101A,,Rosa 'Pink Panther',ARBUSTO
A035,,Rosa 'Pink Parfait',ARBUSTO
B094A,,Rosa 'Pink Peace',ARBUSTO
C002B,,Rosa 'Pleins Feux 92',ARBUSTO
H08E,,Rosa 'Pompon Perpetual',ARBUSTO
B020B,,Rosa 'Poppy Rose',ARBUSTO
C005C,,Rosa 'Postillion',ARBUSTO
B104B,,Rosa 'POULly',ARBUSTO
D074B,,Rosa 'POULold 87/6211',ARBUSTO
SP07,,Rosa pouzinii Leopold Trattinnick,ARBUSTO
TB2.B1,,Rosa 'President Herbert Hoover Cl.',TAPIZANTE/TREPADORA
D080B,,Rosa 'Presidente',ARBUSTO
C005A,,Rosa 'Priscilla Burton',ARBUSTO
A033,,Rosa 'Privée',ARBUSTO
E011,,Rosa 'Prosperity',ARBUSTO
D076B,,Rosa 'Purple Lodge',ARBUSTO
H08C,,Rosa 'Quatre Saisons Blanc Mousseaux',ARBUSTO
TD1B.3,,Rosa 'Queen Elizabeth Cl.',TAPIZANTE/TREPADORA
TB1C.1,,Rosa 'Queen Elizabeth Yellow',ARBUSTO
D014A,,Rosa 'Quirinal',ARBUSTO
B106B,,Rosa 'Radial',ARBUSTO
B079B,,Rosa 'Raffaello',ARBUSTO
C009G,,Rosa 'Raymond Nazereau',ARBUSTO
C008K,,Rosa 'Rebell',ARBUSTO
D035D,,Rosa 'Recuerdo de Felio Camprubi',ARBUSTO
B054B,,Rosa 'Reflets de Nacre',ARBUSTO
C002G,,Rosa 'Reflets de Saint Malo',ARBUSTO
E040,,Rosa 'Regatta',ARBUSTO
B013B,,Rosa 'REU palm',ARBUSTO
D054A,,Rosa 'Rimosa',ARBUSTO
FT04I,,Rosa 'Rimosa Cl.',TAPIZANTE/TREPADORA
C006B,,Rosa 'Robe de Neige',ARBUSTO
D081B,,Rosa 'Roch’n Rose',ARBUSTO
H15C,,Rosa 'Roi des Pourpres',ARBUSTO
C004D,,Rosa 'Roi Soleil',ARBUSTO
D074A,,Rosa 'Romantica 76',ARBUSTO
D089D,,Rosa 'Rosa de Friera',ARBUSTO
D096B,,Rosa 'Rosa del Camino de Santiago',ARBUSTO
B008D,,Rosa 'Rosa Union',ARBUSTO
D089B,,Rosa 'Rosaolor',ARBUSTO
H24B,,Rosa 'Rose de la Reine',ARBUSTO
H15B,,Rosa 'Rose du Roi',ARBUSTO
B108B,,Rosa 'Rosella',ARBUSTO
D102,,Rosa 'Rosmarin'89',ARBUSTO
A018,,Rosa 'Rote Mozart',ARBUSTO
B098A,,Rosa 'Roter Stern',ARBUSTO
BP57C,,Rosa 'Rotilia',ARBUSTO
TC1A.2,,Rosa 'Rouge',ARBUSTO
B025B,,Rosa 'Roxi',ARBUSTO
B067,,Rosa 'Royal Highness',ARBUSTO
A052A,,Rosa 'RT 08242',ARBUSTO
D104B,,Rosa 'RT 96145',ARBUSTO
SP22,,Rosa rubiginosa L.,ARBUSTO
H16G,,Rosa rugosa 'Alba Plena' Rehder,ARBUSTO
H16F,,Rosa rugosa 'Alba' Rehder,ARBUSTO
H16D,,Rosa rugosa 'Germánica',ARBUSTO
H16C,,Rosa rugosa 'Rubra Plena',ARBUSTO
E025,,Rosa 'Rustica',ARBUSTO
B041A,,Rosa 'Rusticana',ARBUSTO
E052A,,Rosa 'Saladino',ARBUSTO
AGRU,Agrostis/ Agrostis rubra,Gastridium ventricosum,HERB_PERENNES
C005H,,Rosa 'Samourai',ARBUSTO
TE2B.1,,Rosa 'Sander´s White Rambler',ARBUSTO
AB65B,,Rosa 'Santa Catalina',ARBUSTO
C003N,,Rosa 'Santa Tereza d´Avila',ARBUSTO
C003L,,Rosa 'Sarabande',ARBUSTO
C003B,,Rosa 'Satellite',ARBUSTO
D022B,,Rosa 'SB 09.72',ARBUSTO
D016B,,Rosa 'SB 11.02',ARBUSTO
D100B,,Rosa 'SB 2008.157',ARBUSTO
C006G,,Rosa 'SB 93205',ARBUSTO
A006,,Rosa 'Scarlet Meidiland',ARBUSTO
CA-409,,Gasteria armstronguii,CACTACEA/SUCULENTA
D093,,Rosa 'Schneeküsschen',ARBUSTO
E048A,,Rosa 'Sea Pearl',ARBUSTO
E044,,Rosa 'Senator Burda',ARBUSTO
H09E,,Rosa sericea 'Pteracantha' Delavay,ARBUSTO
D051A,,Rosa 'Sexy Rexy',ARBUSTO
E038,,Rosa 'Sharifa Asma',ARBUSTO
B017A,,Rosa 'Show Girl',ARBUSTO
SP03,,Rosa sicula Leopold Trattinnick,ARBUSTO
A024,,Rosa 'Silver Jubilee',ARBUSTO
A044B,,Rosa 'Simon Dot',ARBUSTO
C004L,,Rosa 'Snow Carpet',ARBUSTO
FM17,,Rosa 'Snow Meillandina',ARBUSTO
D013A,,Rosa 'Sonia',ARBUSTO
D023B,,Rosa 'Sonnenróschen',ARBUSTO
TA2B.1,,Rosa 'Soraya Cl.',TAPIZANTE/TREPADORA
D089C,,Rosa 'Souvenir de Josefina Pla',ARBUSTO
H13B,,Rosa 'Souvenir de la Malmaison',ARBUSTO
H16B,,Rosa 'Souvenir de Yeddo',ARBUSTO
C004C,,Rosa 'Spahi',ARBUSTO
FM09,,Rosa 'Spot Meillandina',ARBUSTO
SP24,,Rosa squarrosa,ARBUSTO
B089A,,Rosa 'Sra. de Bornás',ARBUSTO
B074A,,Rosa 'Sra. de Franco',ARBUSTO
C009C,,Rosa 'Sugar Baby',ARBUSTO
H09D,,Rosa sulphurea,ARBUSTO
B097A,,Rosa 'Sultane',ARBUSTO
A053A,,Rosa 'Sun Flare',ARBUSTO
B102,,Rosa 'Super Star',ARBUSTO
EB73B,,Rosa 'Susane Dot',ARBUSTO
EB70B,,Rosa 'Swan Lake',ARBUSTO
B014B,,Rosa 'Sweet Delight',ARBUSTO
A046,,Rosa 'Sweet Dream',ARBUSTO
D072A,,Rosa 'Sweet Home',ARBUSTO
EB69A,,Rosa 'T-316-MR',ARBUSTO
E016,,Rosa 'The Prince',ARBUSTO
B025A,,Rosa 'The Sun',ARBUSTO
FM12,,Rosa 'Tilt Symphonie',ARBUSTO
B108A,,Rosa 'Tobago',ARBUSTO
B107A,,Rosa 'Toni Lnander',ARBUSTO
C007J,,Rosa 'Tony Jacklin',ARBUSTO
C004E,,Rosa 'Tourmaline',ARBUSTO
B080A,,Rosa 'Trier 2.000',ARBUSTO
B069A,,Rosa 'Troika',ARBUSTO
H02D,,Rosa 'Tuscany',ARBUSTO
C002F,,Rosa 'Typhoo Tea',ARBUSTO
D046A,,Rosa 'Valencia',ARBUSTO
E009,,Rosa 'Vanity',ARBUSTO
D015B,,Rosa 'VEL13fswem Y1439',ARBUSTO
D078B,,Rosa 'VELmari Y 720',ARBUSTO
E034B,,Rosa 'VELmrora Y 1971',ARBUSTO
G03,,Rosa 'Velvet Cover',ARBUSTO
AB57A,,Rosa 'Victoria de los Ángeles Cl.',TAPIZANTE/TREPADORA
H07D,,Rosa 'Vierge de Cléry',ARBUSTO
A010,,Rosa 'Ville de Caen',ARBUSTO
E054A,,Rosa 'Ville de Roeulx',ARBUSTO
B097B,,Rosa 'Ville de Yerres',ARBUSTO
SP12,,Rosa villosa L.,ARBUSTO
D044B,,Rosa 'Violette Parfumé',ARBUSTO
D097A,,Rosa 'Virgo',ARBUSTO
E054B,,Rosa 'Frigga',ARBUSTO
A012B,Rosa 'VISpanicov',Rosa 'Mini Pinkie',ARBUSTO
EB70A,,Rosa 'Volare',ARBUSTO
SP25,,Rosa vosagiaca,ARBUSTO
A036,,Rosa 'Wendy Cussons',ARBUSTO
FLL06,,Rosa 'White Dorothy',ARBUSTO
H17B,,Rosa wichuraiana Crep.,ARBUSTO
H08G,,Rosa 'William Lobb',ARBUSTO
E061,,Rosa 'Winchester Cathedral',ARBUSTO
E008,,Rosa 'Windrush',ARBUSTO
C004F,,Rosa 'Winshoten',ARBUSTO
H20B,,Rosa x anemonoides 'Ramona',ARBUSTO
H07A,,Rosa x centifolia L.,ARBUSTO
H08A,,Rosa x centifolia 'Muscosa',ARBUSTO
SP28,,Rosa x damascena Miller,ARBUSTO
H03B,,Rosa x damascena 'Semperflorens',ARBUSTO
H03D,,Rosa x damascena 'Trigintipetala',ARBUSTO
FT03P,,Rosa x fortuniana,ARBUSTO
H12C,,Rosa x odorata Andrew.,ARBUSTO
H01B,,Rosa x richardii Rehder.,ARBUSTO
C003J,,Rosa 'Yellow Fairy',ARBUSTO
D107A,,Rosa 'Yellow Fleurette',ARBUSTO
B072B,,Rosa 'Yengo',ARBUSTO
PHPE_416,,Fuchsia magellanica,SUBTROPICAL/TROPICAL
D021,,Rosa 'Yumi Hit',ARBUSTO
EB68C,,Rosa 'Zéphirine Drouhin',ARBUSTO
D094A,,Rosa 'Zitronenjette',ARBUSTO
PHPE_077,,Carex oshimensis 'Evergold',HERB_PERENNES
PHPE_121,,Eupatorium maculatum 'Atropurpureum',HERB_PERENNES
ALAM,Alocasia 'Polly',Alocasia amazonica 'Polly',HERB_PERENNES
BOK,Bellervardina Kerst,Bouvardia 'Kerst' MIX,HERB_PERENNES
GPR,Gynura sarmentosa,Gynura procumbens,HERB_PERENNES
LYA,Selaginella apoda,Lycopodioides apoda,HERB_PERENNES
ST-306,,Fritillaria imperialis,SUBTROPICAL/TROPICAL
APG,,Apium graveolens,HERB_PERENNES
ATE,,Ajuga tenorei,HERB_PERENNES
ANGR,,Anethum graveolens,HERB_ANUAL
ADR,,Artemisia dracunculus,HERB_PERENNES
BEV,Acelga,Beta vulgaris,HERB_PERENNES
BOF,,Borago officinalis,HERB_PERENNES
CII,Achicoria,Cichorium intybus,HERB_ANUAL
COSA,,Coriandrum sativum,HERB_PERENNES
CCY,,Cuminum cyminum,HERB_ANUAL
LSA,Lechuga,Lactuca sativa,HERB_ANUAL
MCH,Manzanilla,Matricaria chamomilla,HERB_PERENNES
NOF,,Nasturtium officinale,HERB_PERENNES
ORVD,,Origanum vulgare 'Diabolo',HERB_PERENNES
ORK,,Origanum rotundifolium 'Kirigami',HERB_PERENNES
PSC,,Peperomia scandens,SUBTROPICAL/TROPICAL
PES,,Petroselinum sativum,HERB_PERENNES
PIAN,,Pimpinella anisum,HERB_PERENNES
PLEX,,Plectranthus sp,SUBTROPICAL/TROPICAL
PLEA,,Plectranthus argentatus 'Silver Crest',SUBTROPICAL/TROPICAL
PFO,,Pleione formosana,HERB_PERENNES
RLU,,Rumex lunaria,ARBUSTO
SOL,,Spinacia oleracea,HERB_ANUAL
SAF,,Stachys affinis,HERB_PERENNES
STCX,,Stachys sp,HERB_PERENNES
RAS,,Ranunculus asiaticus,HERB_ANUAL
SHH_012,,Begonia semperflorens 'Cocktail',HERB_ANUAL
PHPE_252,,Petunia 'Surfinia',HERB_ANUAL
ACT,Milenrama de flor amarilla,Achillea taygetea,HERB_PERENNES
PHPE_008,,Achillea 'Tutti Frutti Apricot Delight',HERB_PERENNES
PHPE_018,,Allium giganteum,HERB_PERENNES
TR-065,,Alocasia 'Portora',HERB_PERENNES
PHPE_031,,Aquilegia caerulea 'Kristall',HERB_PERENNES
AQX,Aguileña,Aquilegia sp,HERB_PERENNES
PHPE_036,,Armeria maritima 'Splendens',HERB_PERENNES
PHPE_048,,Aster novae-angliae 'And An Alma Pötschke',HERB_PERENNES
BEVI,,Begonia ‘Serie Viking’,HERB_ANUAL
NEX,,Nemesia sp,HERB_ANUAL
LSCO,,Leptostermum scoparium,HERB_PERENNES
MIX,,Mix flower,HERB_PERENNES
ASZ,Astilbe,Astilbe sp,HERB_PERENNES
TR-370,,Bambusa oldhamii,HERB_PERENNES
PHPE_060,,Brunnera macrohpylla 'Jack Frost',HERB_PERENNES
PHPE_070,,Campanula portenschlagiana 'Blue Gown',HERB_PERENNES
CAPE,Juncia péndula,Carex pendula,HERB_PERENNES
PHPE_081,,Centaurea dealbata,HERB_PERENNES
COR,Coreopsis,Coreopsis grandiflora,HERB_PERENNES
PHPE_090,,Crocosmia 'Carmine Briljant',HERB_PERENNES
PHPI_005,,Dianthus barbatus 'Monksilver Black',HERB_PERENNES
PHPE_111,,Echinacea purpurea 'Hot Summer',HERB_PERENNES
CHI,Cheiranthus Alhelí/Cheiranthus sp,Erysimum sp,HERB_PERENNES
EPZ,Epimedium,Epimedium sp,HERB_PERENNES
ERP,Salvia azul,Eranthemum pulchellum,HERB_PERENNES
PG_012,,Hakonechloa macra 'Aureola',HERB_PERENNES
PHPE_037,,Armeria maritima 'Splendens Perfecta',HERB_PERENNES
EUCH,Margarita amarilla,Euryops chrysanthemoides,HERB_PERENNES
SIX,Bambú fuente/Sinarundunaria sp,Fargesia sp,HERB_PERENNES
GARI,Gazania,Gazania rigens,HERB_PERENNES
PHPE_134,,Gaillardia grandiflora,HERB_PERENNES
PHPE_145,,Geranium sanguineum 'New Hampshire Purple',HERB_PERENNES
HES,Manzanilla bastarda,Helichrysum stoechas,HERB_PERENNES
HECH,Hertia,Hertia cheirifolia,HERB_PERENNES
PHPE_158,,Hemerocallis 'Chicago Apache',HERB_PERENNES
PHPE_165,,Hosta 'Anne',HERB_PERENNES
TR-236,,Ipomoea batatas 'Blackie',HERB_PERENNES
SHH_027,,Hypoestes 'Confetti',HERB_PERENNES
IRUN,Lirio de Argelia,Iris unguicularis,HERB_PERENNES
PHPE_185,,Iris pseudacorus 'Flore Plena',HERB_PERENNES
LIS,Serpentina,Liriope sp,HERB_PERENNES
PHPE_200,,Liatris spicata 'Kobold vegetative',HERB_PERENNES
FRAA,Fresno americano rojizo,Fraxinus americana 'Autumn Applause',FRONDOSA
PHPE_223,,Mazus radicans,HERB_PERENNES
MEX,Menta,Mentha sp,HERB_PERENNES
NYM,Nenúfar,Nymphaea sp,HERB_PERENNES
PPT,Costilla de Adán/Philodendron pertusum,Monstera adansonii,HERB_PERENNES
PI_046,,Monstera minima,HERB_PERENNES
ORNU,Estrella de Belén,Ornithogalum nutans,HERB_PERENNES
ST-111,,Pelargonium abrotanifolium,HERB_PERENNES
ST-120,,Pelargonium 'Claret Rock Unique',HERB_PERENNES
ST-132,,Pelargonium quercifolium,HERB_PERENNES
PHPE_244,,Panicum virgatum 'Heavy Metal',HERB_PERENNES
PHX,Flomis,Phlomis sp,HERB_PERENNES
PHPP,Melera / Mechera,Phlomis purpurea,HERB_PERENNES
TR-465,,Peperomia sp,SUBTROPICAL/TROPICAL
TR-406,,Physalis peruviana,HERB_PERENNES
RCM,Ricino,Ricinus communis,HERB_PERENNES
TR-056,,Plumeria rubra,HERB_PERENNES
PHPE_264,,Prunella grandiflora,HERB_PERENNES
PHPE_257,,Physostegia virginiana 'Miss Manners',HERB_PERENNES
SAZ,Santolinas,Santolina sp,ARBUSTO
ST-219,,Schizanthus wisetonensis,HERB_PERENNES
GPI,,Genista pilosa,
SPA,Bandera blanca,Spathiphyllum wallisii,HERB_PERENNES
TR-057,,Tabernaemontana corymbosa,HERB_PERENNES
PHPE_304,,Valeriana officinalis,HERB_PERENNES
PI_051,,Spathiphyllum 'Torelli',HERB_PERENNES
ZECI,Lirio de lluvia amarillo,Zephyranthes citrina,HERB_PERENNES
CACU,,Calamagrostis x acutiflora,HERB_PERENNES
BPS,,Ballota pseudodictamnus,HERB_PERENNES
BOS,Buganvilla de Santa Rita,Bougainvillea spectabilis,TAPIZANTE/TREPADORA
HAVI,Falsa zarzaparrilla,Hardenbergia violacea,TAPIZANTE/TREPADORA
LOE,Madreselva etrusca,Lonicera etrusca,TAPIZANTE/TREPADORA
FRV,Fresa silvestre,Fragaria vesca,TAPIZANTE/TREPADORA
VMIR,Hierba doncella 'Argenteovariegata',Vinca minor 'Argenteovariegata',TAPIZANTE/TREPADORA
CIAB,,Cistus 'Ann Baker',ARBUSTO
QUFB,Quejigo,Quercus faginea subsp. broteroi,FRONDOSA
SHH_003,,Anethum graveolens 'Dill Forrest',HERB_ANUAL
PHPE_201,,Liatris spicata 'Floristan Violett',HERB_PERENNES
IRGA,,Iris 'Golden Apple',HERB_PERENNES
AWIX,,Acalypha sp,SUBTROPICAL/TROPICAL
ACCR,,Achillea crithmifolia,HERB_PERENNES
ACCO,,Achillea coarctata,HERB_PERENNES
IRS,,Iris sibirica,HERB_PERENNES
STS,,Stenotaphrum secundatum,HERB_PERENNES
TUX,,Tulbaghia sp,HERB_PERENNES
MRE,,Mazus reptans,HERB_PERENNES
PIOF,,Pilosella officinarum,HERB_PERENNES
RHX,,Rhodanthemum sp,HERB_PERENNES
ARFR,,Argyranthemum frutescens,HERB_PERENNES
PHPE_320,,Begonia x hybrida,HERB_ANUAL
CASI,,Callistephus × sinensis,SUBTROPICAL/TROPICAL
PHPE_321,Pimiento,Capsicum annuum,HERB_ANUAL
DCAR,,Daucus carota,HERB_ANUAL
DCAP,,Diascia capsularis,HERB_PERENNES
DIR,,Dichondra repens,HERB_PERENNES
PHPE_322,,Helenium aromaticum,HERB_PERENNES
ST-246,,Helichrysum bracteatum,HERB_PERENNES
ST-247,,Helichrysum petiolare,HERB_PERENNES
PHPI_098,,Heuchera x hybrida,HERB_PERENNES
TR-452,,Ipomoea batatas,HERB_PERENNES
LPU,,Lablab purpureus,HERB_PERENNES
MID,,Micromeria douglasii,HERB_PERENNES
PAMA,,Pallenis maritima,HERB_PERENNES
PEGL,,Miscanthus glaucum,HERB_PERENNES
PEF,,Perilla frutescens,HERB_PERENNES
PHPE_323,,Petunia x Calibrachoa,HERB_ANUAL
PHSC,,Phyla scaberrima,HERB_PERENNES
PHPE_130,,Foeniculum vulgare 'Giant Bronze',HERB_PERENNES
TR-453,,Solanum lycopersicum,HERB_ANUAL
TR-454,Berenjena,Solanum melongena,ARBUSTO
STRE,,Stevia rebaudiana,HERB_PERENNES
SHH_034,,Tagetes filifolia,HERB_ANUAL
SHH_035,,Tagetes lucida,HERB_ANUAL
FRU,Ficus herrumbroso,Ficus rubiginosa,SUBTROPICAL/TROPICAL
PHPE_325,,Agastache x hybrida,HERB_PERENNES
ALRO,,Alcea rosea,HERB_PERENNES
PHPE_327,,Allium cepa,HERB_PERENNES
ARH,,Arachis hypogaea,HERB_PERENNES
CUS,,Cucumis sativus,HERB_ANUAL
PHPE_328,,Dianthus caryophyllus,HERB_PERENNES
CA-425,,Euphorbia graminea,HERB_PERENNES
GOA,,Gomphrena globosa,HERB_PERENNES
GOP,,Gomphrena pulchella,HERB_PERENNES
TR-455,,Iresine herbstii,HERB_PERENNES
PHVU,,Phaseolus vulgaris,HERB_ANUAL
PISA,,Pisum sativum,HERB_ANUAL
PHPE_329,Salvia ‘Big blue’; Salvia 'PAS1246577',Salvia longispicata x farinacea,HERB_PERENNES
TRP,,Tragopogon porrifolius,HERB_PERENNES
ZEM,,Zea mays,HERB_ANUAL
PHPE_330,,Zinnia angustifolia,HERB_PERENNES
PHPE_331,,Zinnia angustifolia x Zinnia violacea,HERB_PERENNES
PLCOLECC,,PLANTA COLECCION,HERB_PERENNES
PHPE_332,,Achillea alpina,HERB_PERENNES
PHPE_333,,Achillea clypeolata,HERB_PERENNES
PHPE_334,,Achillea tomentosa,HERB_PERENNES
PHPE_335,,Alchemilla erythropoda,HERB_PERENNES
PHPE_336,,Alstroemeria ligtu,HERB_ANUAL
PHPE_337,,Aristea ecklonii,HERB_PERENNES
PHPE_338,,Artemisia ludoviciana,HERB_PERENNES
CCX,,Crocosmia sp,HERB_PERENNES
TR-457,,Euphorbia × martini ,HERB_PERENNES
PHPE_340,,Eurybia divaricata,HERB_PERENNES
PHPE_401,,Falkia repens,HERB_PERENNES
PHPE_341,,Festuca cinerea,HERB_PERENNES
PHPE_344,,Iris japonica ,HERB_PERENNES
PHPE_345,,Iris lutescens,HERB_PERENNES
PHPE_346,,Iris pumila,HERB_PERENNES
PHPE_347,,Iris spuria,HERB_PERENNES
PHPE_348,,Lilium formosanum,HERB_PERENNES
PHPE_349,,Lilium philippinense,HERB_PERENNES
PHPE_350,,Lupinus polyphyllus,HERB_PERENNES
MTC,,Matricaria tchihatchewii ,HERB_PERENNES
PHPE_351,,Muscari armeniacum,HERB_PERENNES
PG_23,,Phalaris arundinacea,HERB_PERENNES
PHPE_352,,Salvia canariensis,HERB_PERENNES
VIFA,,Vicia faba,HERB_ANUAL
PHPE_353,,Viola sororia ,HERB_ANUAL
TR-458,,Aglaonema commutatum,SUBTROPICAL/TROPICAL
ST-248,,Abelia parvifolia ,ARBUSTO
ST-249,,Asparagus densiflorus,HERB_PERENNES
ST-250,,Asplenium viviparum,SUBTROPICAL/TROPICAL
ST-251,,Callistephus chinensis,SUBTROPICAL/TROPICAL
TR-459,,Impatiens x hybrida,HERB_ANUAL
PHPE_402,,Monarda fistulosa,HERB_PERENNES
SHH_037,,Ocimum americanum,HERB_PERENNES
SHH_038,,Ocimum tenuiflorum,HERB_PERENNES
ST-252,,Osteospermum x hybrida,HERB_PERENNES
RGR,,Ruta graveolens,HERB_PERENNES
SHH_039,,Satureja hortensis,HERB_PERENNES
SHH_040,,Satureja montana,HERB_PERENNES
SHH_041,,Satureja spicigera,HERB_PERENNES
SHH_042,,Scorzonera hispanica,HERB_PERENNES
SHH_43,,Zehneria scabra,TAPIZANTE/TREPADORA
PHPE_404,,Zinnia angustifolia x Zinnia elegans,HERB_PERENNES
ST-253,Manzanilla,Chamaemelum nobile,SUBTROPICAL/TROPICAL
ST-254,,Dymondia margaretae,SUBTROPICAL/TROPICAL
TR-460,,Leptinella squalida,HERB_PERENNES
TR-461,,Meconopsis betonicifolia,HERB_PERENNES
TR-462,,Aristotelia chilensis,SUBTROPICAL/TROPICAL
ARB,Arabis,Arabis caucasica,TAPIZANTE/TREPADORA
CRLR,,Crataegus laevigata var. roseoplena,FRONDOSA
PORE,,Platycladus orientalis 'Elegantissima',CONIFERA
RCAR,,Rosa 'Carina',ARBUSTO
RMAR,,Rosa 'Martina',ARBUSTO
RJUB,,Rosa 'Jubile du Prince de Monaco',ARBUSTO
RPJA,,Rosa 'Prince Jardiner',ARBUSTO
RFLA,,Rosa 'Flamenca',ARBUSTO
RMAT,,Rosa 'Matilda',ARBUSTO
RSBO,,Rosa 'Scarlet Bonica',ARBUSTO
RAUE,,Rosa 'Auguste Escoffier',ARBUSTO
RONH,,Rosa 'Nicolas Hulot',ARBUSTO
FRL,Higuera sagrada,Ficus religiosa,SUBTROPICAL/TROPICAL
B023B,,Rosa 'Iris',ARBUSTO
SJPU,Acacia del Japón/Sophora japonica,Styphnolobium japonicum var. pubescens,FRONDOSA
D026B,,Rosa 'Auguste Renoir',ARBUSTO
PHPE_289,,Solidago 'Fireworks',HERB_PERENNES
PHPE_405,,Allium ramosum,HERB_PERENNES
PHPE_406,,Allium schoenoprasum,HERB_PERENNES
ST-256,,Aralia cordata,SUBTROPICAL/TROPICAL
PHPE_407,,Aster amellus,HERB_PERENNES
ST-257,,Billbergia nutans,SUBTROPICAL/TROPICAL
PHPE_408,,Calamagrostis sp,HERB_PERENNES
PHPE_409,,Campanula portenschlagiana,HERB_PERENNES
PHPE_410,,Centaurea benedicta ,HERB_PERENNES
PHPE_411,,Dianthus barbatus,HERB_PERENNES
PHPE_412,,Eupatorium cannabinum ,HERB_PERENNES
PHPE_413,,Festuca amethystina,HERB_PERENNES
PHPE_414,,Festuca mairei,HERB_PERENNES
PHPE_415,Hinojo,Foeniculum vulgare,HERB_PERENNES
PHPE_417,,Fuchsia procumbens,HERB_PERENNES
PHPE_418,,Geranium macrorrhizum,HERB_PERENNES
PI_038,,Gloriosa superba,SUBTROPICAL/TROPICAL
PHPI_018,,Hemerocallis x hybrida,HERB_PERENNES
PHPE_419,,Hypericum perforatum,HERB_PERENNES
PHPE_420,,Iris laevigata,HERB_PERENNES
PHPE_421,,Leucanthemum × superbum polaris,HERB_PERENNES
PHPE_422,,Linum grandiflorum,HERB_PERENNES
PHPE_423,,Lupinus sp,HERB_PERENNES
MAS,,Malva sylvestris,HERB_PERENNES
MERE,,Mentha requienii,HERB_PERENNES
PHPE_425,,Penstemon hartwegii,HERB_PERENNES
PHPE_426,,Platycodon grandiflorus,HERB_PERENNES
PREL,,Primula elatior,HERB_ANUAL
PHPE_427,,Rheum nobile,ARBUSTO
PHPE_428,,Rheum officinale,ARBUSTO
SHH_043,,Rudbeckia hirta,HERB_PERENNES
PHPE_429,,Salvia argentea,HERB_PERENNES
PHPE_430,,Scabiosa ochroleuca,HERB_PERENNES
SIA,,Sisyrinchium angustifolium,HERB_PERENNES
PHPE_431,,Solidago canadensis,HERB_PERENNES
STG,,Stipa globosa,HERB_PERENNES
PHPE_432,,Thymus hyemalis,HERB_PERENNES
PHPE_434,,Veronica fruticulosa,ARBUSTO
SHH_044,,Viola corsica,HERB_ANUAL
CA-426,,Yucca baccata,HERB_PERENNES
CA-427,,Yucca filamentosa,HERB_PERENNES
E046,,Rosa 'Doris Tysterman',ARBUSTO
PHPE_435,,Acaena myriophylla,HERB_PERENNES
PHPE_436,,Acaena novae-zelandiae,HERB_PERENNES
PHPE_437,,Acinos alpinus,HERB_PERENNES
PHPE_439,,Alonsoa meridionalis,HERB_PERENNES
PHPE_440,,Amomum subulatum,HERB_PERENNES
PHPE_441,,Amorpha canescens,HERB_PERENNES
PHPE_442,,Anthericum liliago,HERB_PERENNES
PHPE_443,,Anthericum ramosum,HERB_PERENNES
PHPE_444,,Anthoxanthum odoratum,HERB_PERENNES
PHPE_445,,Argemone polyanthemos,HERB_PERENNES
PHPE_446,,Barbarea vulgaris,HERB_PERENNES
PHPE_447,,Bulbine frutescens ,HERB_PERENNES
PHPE_448,,Caltha palustris,HERB_PERENNES
PHPE_449,,Cardiocrinum giganteum,HERB_PERENNES
PHPE_450,,Cardiospermum halicacabum,HERB_PERENNES
PHPE_451,,Carlina acanthifolia,HERB_PERENNES
PHPE_452,,Carlina acaulis,HERB_PERENNES
PHPE_453,,Carthamus tinctorius,HERB_PERENNES
STV-001,,Cephalaria radiata,HERB_PERENNES
ST-258,,Chenopodium quinoa,SUBTROPICAL/TROPICAL
ST-259,,Chionochloa conspicua,SUBTROPICAL/TROPICAL
ST-260,,Chionochloa flavicans,SUBTROPICAL/TROPICAL
ST-261,,Convallaria majalis,SUBTROPICAL/TROPICAL
TR-335,,Ficus maclellandii 'Alii',SUBTROPICAL/TROPICAL
ST-263,,Crambe maritima,SUBTROPICAL/TROPICAL
ST-264,,Darmera peltata,SUBTROPICAL/TROPICAL
ST-266,,Eremurus x isabellinus,SUBTROPICAL/TROPICAL
ST-267,,Eremurus aitchisonii,SUBTROPICAL/TROPICAL
ST-268,,Eremurus robustus,SUBTROPICAL/TROPICAL
ST-269,,Eschscholzia californica,SUBTROPICAL/TROPICAL
ST-270,,Ferula communis,SUBTROPICAL/TROPICAL
ST-271,,Galega officinalis,SUBTROPICAL/TROPICAL
ST-272,,Graptopetalum paraguayense,SUBTROPICAL/TROPICAL
ST-273,,Hesperis matronalis,SUBTROPICAL/TROPICAL
ST-275,,Kalimeris incisa,SUBTROPICAL/TROPICAL
ST-276,,Leonurus cardiaca,SUBTROPICAL/TROPICAL
ST-277,,Leonurus japonicus,SUBTROPICAL/TROPICAL
ST-278,,Leucojum vernum,SUBTROPICAL/TROPICAL
ST-279,,Linaria maroccana ,SUBTROPICAL/TROPICAL
ST-281,,Lycopus europaeus,HERB_PERENNES
ST-283,,Mertensia maritima,SUBTROPICAL/TROPICAL
ST-284,,Meum athamanticum,HERB_PERENNES
ST-285,,Nephopteris maxonii ,SUBTROPICAL/TROPICAL
ST-286,,Nerine bowdenii,SUBTROPICAL/TROPICAL
ST-287,,Peucedanum ostruthium,SUBTROPICAL/TROPICAL
ST-288,,Phaenosperma globosa,SUBTROPICAL/TROPICAL
ST-289,,Rhaponticum scariosum,HERB_PERENNES
CA-428,,Rhipsalis sp,CACTACEA/SUCULENTA
ST-290,,Rohdea japonica,SUBTROPICAL/TROPICAL
ST-291,,Sanguisorba minor,HERB_PERENNES
ST-292,,Schizachyrium scoparium,HERB_PERENNES
ST-293,,Scilla mischtschenkoana,HERB_PERENNES
ST-294,,Scilla siberica ,HERB_PERENNES
ST-295,,Silene uniflora,HERB_PERENNES
ST-296,,Smyrnium olusatrum,HERB_PERENNES
ST-297,,Symphyotrichum ericoides,SUBTROPICAL/TROPICAL
ST-298,,Taraxacum pseudoroseum,HERB_PERENNES
ST-299,,Tricyrtis hirta,HERB_PERENNES
ST-300,,Trollius chinensis,HERB_PERENNES
ST-301,,Tussilago farfara,HERB_PERENNES
AMB,,Amaryllis belladona,HERB_PERENNES
ST-302,,Asparagus aethiopicus,SUBTROPICAL/TROPICAL
ST-303,,Billbergia sp,SUBTROPICAL/TROPICAL
PI_053,,Calathea sp,SUBTROPICAL/TROPICAL
ST-304,,Crambe cordifolia,SUBTROPICAL/TROPICAL
TR_463,,Ctenanthe oppenheimiana,SUBTROPICAL/TROPICAL
TR_464,,Davallia canariensis,SUBTROPICAL/TROPICAL
PI_054,,Dieffenbachia amoena,SUBTROPICAL/TROPICAL
PI_055,,Dracaena deremensis,SUBTROPICAL/TROPICAL
HP_009,,Nephrolepis exaltata,HERB_PERENNES
A049,,Rosa 'Sutter´s Gold',ARBUSTO
MJD,,Malus 'John Downie',FRONDOSA
PRDL,,"Prunus dulcis ""Desmayo Largueta""",FRONDOSA
PEAD,,Pennisetum advena 'Rubrum',HERB_PERENNES
PITE,,Pittosporum tenuifolium 'Elizabeth',ARBUSTO
PHFP,Fotinia 'Pink Marble Cassini',"Photinia x fraseri ""Pink Marble Cassini""",ARBUSTO
PHPE_274,,Salvia nemorosa 'Amethyst',HERB_PERENNES
WEZ,Westringia,Westringia sp,ARBUSTO
UMIA,Olmo común,Ulmus minor 'Ademuz',FRONDOSA
POPJ,,Physocarpus opulifolius 'Jonight',
PHPE_354,,Salvia nemorosa 'White',HERB_PERENNES
TR-328,,Alyogyne cuneiformis,
TR-330,,Alyogyne hakeifolia 'Melissa Anne',
LOCD,,Loropetalum chinense 'Daybreak's Flame',
HIT,Planta del curry,Helichrysum italicum,HERB_PERENNES
POO,Poto,Epipremnum aureum,SUBTROPICAL/TROPICAL
FAU,Higuera de Roxburgh,Ficus auriculata,SUBTROPICAL/TROPICAL
COI,Drácena indivisa,Cordyline indivisa,SUBTROPICAL/TROPICAL
TR-440,,Pilea peperomioides,HERB_PERENNES
TR-264,,Nematanthus gregarius,SUBTROPICAL/TROPICAL
TR-332,,Ficus cyathistipula,SUBTROPICAL/TROPICAL
CCM,"Cinta, malamadre",Chlorophytum comosum,HERB_PERENNES
ST-066,,Aspidistra elatior,HERB_PERENNES
PHPE_039,,Artemisia absinthium,HERB_PERENNES
POL,Verdolaga,Portulaca oleracea,HERB_PERENNES
PHPE_150,,Gypsophila repens 'Rosea',HERB_PERENNES
ORV,,Origanum vulgare 'Aureum',HERB_PERENNES
PG_015,,Miscanthus floridulus,HERB_PERENNES
TUVI,Ajo salvaje,Tulbaghia violacea,HERB_PERENNES
PEHY,Petunia híbrida,Petunia hybrida,HERB_ANUAL
CIAG,,Cistus × aguilarii,ARBUSTO
AGZ,Flor del amor,Agapanthus sp,HERB_PERENNES
PHPE_339,,Carex oshimensis ,HERB_PERENNES
PG_026,,Carex morrowii 'Silver Sceptre',HERB_PERENNES
PG_025,,Carex morrowii 'Aureovariegata',HERB_PERENNES
CIHB,,Cistus x hybridus,ARBUSTO
PHPE_456,,Dianthus arenarius,HERB_PERENNES
PHPE_458,,Dianthus cyprius,HERB_PERENNES
PHPE_457,,Dianthus armeria,HERB_PERENNES
DIAR,,Dichondra argentea,
PHPE_126,,Festuca glauca 'Blaue Auslese',HERB_PERENNES
CA-431,,Drosanthemum sp,
PHPE_466,,Echinacea x hybrida,
PHPE_467,,Eriocephalus africanus,
PHPE_469,,Eryngium variifolium,
PHPE_468,,Eryngium agavifolium,
PI_056,,Ficus benjamina 'Barok',SUBTROPICAL/TROPICAL
PI_057,,Ficus benjamina 'Variegata',SUBTROPICAL/TROPICAL
PHPE_470,,Fragaria x ananassa 'Toscana',TAPIZANTE/TREPADORA
PHPE_463,,Dodonaea viscosa,
HEDE,,Helianthus decapetalus,
HELD,,Helianthus 'Lemon Queen',
ST-310,,Helichrysum cymosum,
PHPE_474,,Hypericum olympicum,
PHPE_475,,Iris ensata 'Eden's Paintbrush',
PHPE_476,,Iris japonica 'Variegata',
PHPE_477,,Iris laevigata 'Snowdrift',
TR-469,,Leptinella squalida 'Platt's Black',
PHPE_482,,Lilium formosanum var. pricei,
PHPE_483,,Lobelia laxiflora,
PHPE_484,,Lobelia pedunculata,
PHPE_460,,Lysimachia nummularia,
PHPE_486,,Mentha x hybrida,
ST-311,,Pelargonium crispum,
ST-312,,Pelargonium grandiflorum,
PHPE_489,,Phlox drummondii,
PHPE_490,,Phlox paniculata,
PHCO,,Phormium colensoi,
POFN,,Pilosella officinarum 'Niveum',
PHPE_493,,Rheum rhabarbarum 'Glaskin's Perpetual',
PHPE_495,,Rubus trichomorus,
PHPE_496,,Salvia 'Bee's Bliss',
PHPE_497,Salvia coerulea antes,Salvia guaranitica,
PHPE_499,,Sedum oreganum,
PHPE_500,,Sedum stoloniferum,
CA-433,,Sempervivum montanum,
CA-434,,Senecio viravira,
PHPE_501,,Tanacetum parthenium 'Golden Moss',
PHPE_502,,Teucrium subspinosum,
PHPE_503,,Thymus baeticus,
PHPE_504,,Tradescantia x andersoniana,
PHPE_505,,Verbascum blattaria,
PHPE_507,,Acaena saccaticupula,
PHPE_508,,Achillea odorata,
STC,,Stipa calamagrostis,
TR-470,,Alocasia wentii,
PHPE_511,,Anemone coronaria 'Bride',
PHPE_512,,Anemone coronaria 'Hollandia',
PHPE_514,,Anemone coronaria 'Harmony Orchid',
PHPE_515,,Anemone coronaria 'Harmony Scarlet',
PHPE_516,,Anemone hupehensis 'Prinz Heinrich',
PHPE_517,,Anemone x hybrida 'Margarete',
PHPE_518,,Anemone x hybrida 'Praecox',
PHPE_520,,Anemone x hybrida 'Honorine Jobert',
PHPE_523,,Aster divaricatus,
PHPE_524,,Symphyotrichum novi-belgii,
PHPE_461,,Dierama pulcherrimum,
PHPE_462,,Dierama trichorhizum,
PHPE_525,,Dietes grandiflora,
PHPE_465,,Glaucium flavum,
SHH_045,,Glebionis segetum,
CA-432,,Hesperaloe parviflora,
PHPE_472,,Hydrocotyle sibthorpioides,
PHPE_473,,Ismene deflexa,
PHPE_478,,Leucadendron 'Safari Sunset',
PHPE_479,,Leucophyllum frutescens,
PHPE_480,,Leucophyta brownii,
PHPE_481,,Leymus arenarius,
PHPE_485,,Lunaria annua,
PHPE_487,,Oenothera stricta 'Sulphurea',
PHPE_488,,Ozothamnus rosmarinifolius 'Silver Jubilee',ARBUSTO
ST-313,,Petrorhagia saxifraga,
PHPE_491,,Phygelius x rectus 'African Queen',
PHPE_492,,Pimelea ferruginea,
PHPE_498,,Scutellaria formosissima,
PHPE_526,,Scutellaria suffrutescens,
PHPE_510,,Anaphalis margaritacea 'Neuschnee',
PHPE_522,,Arenaria montana,
PHPE_521,,Antennaria dioica,
GLBD,Gaura Belleza ‘Dark Pink’,Gaura lindheimeri 'Kleau04263' Belleza ‘Dark Pink’,HERB_PERENNES
PHPE_215,,Silene chalcedonica,HERB_PERENNES
PHPI_013,,Silene coronaria 'Gardeners World',HERB_PERENNES
PHPE_506,,Acaena caesiglauca,
PHPE_527,,Ajuga reptans,
PHPE_528,,Alternanthera bettzickiana,
PHPE_519,,Anemone rivularis,
PHPE_529,,Anemone x hybrida 'Hadspen Abundace',
PHPE_530,,Castilleja rhexifolia,
PHPE_532,,Delosperma floribundum 'Starburst',
PHPE_533,,Equisetum hyemale,
PHPE_534,,Glandularia peruviana,
PHPE_535,,Gunnera manicata,
PHPE_536,,Iresine lindenii 'Bloodleaf',
PHPE_537,,Lantana camara 'Evita Red',
PHPE_538,,Lantana camara 'Evita Rose',
PHPE_539,,Silene arkwrightii,
PHPE_540,,Origanum x hybridum 'Kirigami',
PHPE_541,,Pelargonium fragrans,
PHPE_542,,Pontederia cordata,
PHPE_543,"Salvia Rutilans, incarnata, longiflora, microculis, camertonii, punicea",Salvia elegans 'Honeymelon',
PHPE_544,,Salvia greggii 'Red Blush',
PHPE_545,"Salvia bicolor; Terciopelo, Cordón de San Francisco",Salvia leucantha,
PHPE_546,,Salvia patens,
PHPE_547,,Sarracenia sp,
PHPE_548,,Sideritis syriaca,
PHPE_549,,Silene flos-jovis 'Nana',
PHPE_550,,Sprekelia formosissima,
PHPE_552,,Zephyranthes candida,
PHPE_551,,Vinca minor 'Variegata',
PHPE_553,,Brachyglottis compacta,
PHPE_554,,Brachyglottis 'Menthe Glaciele',
PHPE_555,,Brachyglottis sp,
PHPE_556,,Colchicum autumnale,
PHPE_557,,Cotula hispida,
PHPE_558,,Dorstenia foetida,
PHPE_559,,Gambelia speciosa,
PHPE_560,,Hyacinthoides hispanica,
PHPE_561,,Hesperaloe parviflora 'Rubra',
PHPE_562,,Ismene x deflexa,
PHPE_563,,Ammophila arenaria,
PHPE_564,,Ixiolirion tataricum,
PHPE_513,,Anemone coronaria 'Harmony Blue',
PHPE_531,,Cistus x aguilari 'Maculatus',ARBUSTO
SEFL,Sauce electrico,Salix erythroflexuosa,
TEMA,Tomillo de gato,Teucrium marum,ARBUSTO
AMM,,Ampelodesmos mauritanicus,
GTRK,Acacia de tres espinas 'Skyline',Gleditsia triacanthos 'Skyline',FRONDOSA
ANCE,,Anthriscus cerefolium,SUBTROPICAL/TROPICAL
PHPE_459,,Dicliptera squarrosa,
PHPE_055,,Begonia x benariensis,HERB_ANUAL
TR-223,,Tradescantia fluminensis,HERB_PERENNES
CYMA,,Cytisus maderensis,ARBUSTO
CYBR,,Cytisus ‘Boskoop Ruby’,ARBUSTO
MDE,Costilla de Adán,Monstera deliciosa,HERB_PERENNES
VLO,Canónigo,Valerianella locusta,HERB_PERENNES
TR-025,,Alternanthera brasiliana,SUBTROPICAL/TROPICAL
CSMF,cornejo rojo,Cornus sanguinea 'Midwinter Fire',ARBUSTO
CROX,,Crocus sp,
PG_027,,Carex morrowii ‘Everglow’,HERB_PERENNES
EUCO,,Euphorbia corallioides,
HMAR,,Hydrangea macrophylla 'Dolce Chic',
POAT,,Potentilla atrosanguinea,
PRVE,,Primula veris,HERB_ANUALES
PHPE_565,,Symphytum officinale,
SMBM,,Salvia microphylla 'Blue Monrovia',
ORVH,,Origanum vulgare subsp. hirtum,HERB_PERENNES
ERV,Rucula,Eruca vesicaria,HERB_PERENNES
CAGE,Cañas de indias,Canna x generalis,HERB_PERENNES
AGHAB,,Ageratum houstonianum 'Ariella Blue',
AGHPB,,Ageratum houstonianum 'Ariella Power Blue',
AGHAV,,Ageratum houstonianum 'Ariella Violet',
ST-314,,Cosmos sulphureus,
LPUR,,Lablab purpureus 'Ruby Moon',
TR-471,,Cuphea hyssopifolia 'Myrto Purple',
TR-472,,Cuphea llavea 'Tiny Mice',
FEVG,,Festuca valesiaca 'Glaucantha',
PI_058,,Ficus benjamina 'Barok Variegata',SUBTROPICAL/TROPICAL
FUDE,,Fuchsia 'Dark Eyes',
FUCA,,Fuchsia 'El camino',
FUKO,,Fuchsia 'Koralle',
FUMP,,Fuchsia 'Mrs. Popple',
FUSN,,Fuchsia 'Snowcap',
GOH,,Gomphrena haageana,
PHPI_099,,Heuchera 'Berry Smoothie',
PHPI_100,,Heuchera 'Marmalade',
IBLF,,Iberis 'Lavander Frost',
IPCY,,Ipomoea 'Compact Yellow',
PHPE_566,,Iresine lindenii 'Bailly',
ST-315,,Pelargonium 'Villaparis',
SACO,,Salvia coccinea,
SAAM,,Salvia 'Amistad',
SKW,,Salvia 'Kisses & Wishes',
TERM,,Tagetes erecta 'Marigold French',
TERN,,Tagetes erecta 'Nema',
TCOR,,Tanacetum coccineum 'Robison's Red',
TAC,,Teucrium ackermanii,
TR-094,,Thunbergia alata 'Suzie Orange with Eye',
PHPE_567,,Zinnia x hybrida,
PHPE_568,,Zinnia 'Profusion Double Hot Cherry',
PHPE_569,,Zinnia 'Zahara Sunburst',
BESR,,Begonia 'Sensy Red',
COCP,,Coleus 'Copa Peter's Wonder',
ASGD,,Asteriscus 'Golden Dollar',
LCO,,Lewisia cotyledon,
MPA,,Melampodium paludosum,
PCLD,,Pycnosorus globosus 'Drumstick',
RHOX,,Rhodohypoxis sp,
PHYC,,x Petchoa hybrida 'Caramel Yellow' (Beautical),
PHYN,,x Petchoa hybrida 'Cinamon' (Beautical),
PHYF,,x Petchoa hybrida 'French Vanilla' (Beautical),
PHYS,,x Petchoa hybrida 'Sunray Pink' (Beautical),
MYCT,Murta de hoja pequeña,Myrtus communis 'Tarentina',ARBUSTO
MAST,Matteuccia struthiopteris,Onoclea struthiopteris,
GRE,,Geophila repens,
EQA,Cola de caballo,Equisetum arvense,HERB_PERENNES
TR-314,,Ctenanthe setosa,SUBTROPICAL/TROPICAL
FUGM,,Fuchsia 'General Monk Red-Blue',
PHPE_342,,Holcus lanatus,HERB_PERENNES
CIPU,Jara púrpura,Cistus x purpureus,ARBUSTO
RHJM,,Rhododendron molle subesp. japonicum ‘Mémé’,
PER,,Pellaea rotundifolia,HERB_PERENNES
PHPE_160,,Hemerocallis 'Happy Returns',HERB_PERENNES
TR-272,,Plectranthus scutellarioides,SUBTROPICAL/TROPICAL
WLO,,Westringia longifolia,ARBUSTO
PHPE_319,,Zinnia elegans 'Profussion',HERB_PERENNES
AMI,,Agave mitis,
AHU,,Agave hurteri,
ASH,,Agave shawii,
AWE,,Agave weberi,
BLX,,Blechnum sp,SUBTROPICAL/TROPICAL
CLAN,,Calathea lancifolia,
CCOR,,Cistus x corbariensis,ARBUSTO
CROA,,Crocosmia aurea,
PI_059,,Ficus benjamina 'Kinky',SUBTROPICAL/TROPICAL
CRUF,,Calathea rufibarba,
GYA,,Gynura aurantiaca,
HMRG,,Hydrangea macrophylla 'Rosso Glory',
NCO,,Nephrolepis cordifolia,
ST-316,,Pelargonium 'Creamy Nuget',
PROT,,Peperomia rotundifolia,
PHCA,,Phygelius capensis,
SPAX,,Spathiphyllum sp,
PHPE_570,,Zinnia marylandica 'Zahara Double Yellow',
LFO,,Leycesteria formosa,
TOF,,Torenia fournieri,
THC,,Thymbra capitata,
TMI,,Tropaeolum minus,
TMAJ,,Tropaeolum majus,
CEV,,Curio 'Everest',
TPL,Tuya gigante,Thuja plicata,CONIFERA
PIA,Abeto rojo,Picea abies,CONIFERA
GBI,Gingo,Ginkgo biloba,FRONDOSA
AND,Abeto del Cáucaso,Abies nordmanniana,CONIFERA
ARX,Araucarias,Araucaria sp,CONIFERA
CHA,Tejo de Hokkaido,Cephalotaxus harringtonia,CONIFERA
CGL,Ciprés de Arizona,Cupressus arizonica var. glabra,CONIFERA
LKA,Alerce japonés,Larix kaempferi,CONIFERA
PPU,Picea azul,Picea pungens,CONIFERA
PIC,Pino canario,Pinus canariensis,CONIFERA
PMO,Pino piñonero de una acícula,Pinus monophylla,CONIFERA
PUN,Pino negro,Pinus uncinata,CONIFERA
JTH,Sabina albar,Juniperus thurifera,CONIFERA
TDI,Ciprés de los pantanos,Taxodium distichum,CONIFERA
CUFU,Ciprés llorón,Cupressus funebris,CONIFERA
CSES,Ciprés piramidal de Florencia,Cupressus sempervirens 'Stricta',CONIFERA
CLE,Ciprés de Leyland/x Cupressocyparis leylandii,x Cupressocyparis x leylandii,CONIFERA
PGCO,Picea glauca cónica,Picea glauca 'Compacta',CONIFERA
SLJ,Falso jazmín,Solanum jasminoides,TAPIZANTE/TREPADORA
WIS,Glicinia china,Wisteria sinensis,TAPIZANTE/TREPADORA
ROOC,"Rosal 'Ophelia, Climber'","Rosa 'Ophelia, Climber'",TAPIZANTE/TREPADORA
RWPS,"Rosal 'Paul's Scarlet, Climber'","Rosa 'Paul's Scarlet, Climber'",TAPIZANTE/TREPADORA
VVIL,Vid 'Sultana Moscatel',Vitis vinifera 'Sultana Moscatel',ARBUSTO
VVIU,Vid 'Cuerno',Vitis vinifera 'Cuerno',ARBUSTO
TB1A.1,,Rosa 'Kalinka Cl.',TAPIZANTE/TREPADORA
EB74A,,Rosa 'Marquesa de Urquijo Cl.',TAPIZANTE/TREPADORA
AA65A,,Rosa 'Mrs. Herbert Stevens Cl.',TAPIZANTE/TREPADORA
TA1C.1,,Rosa 'Queen Elizabeth Blanco Cl.',TAPIZANTE/TREPADORA
TR-023,,Thunbergia alata,TAPIZANTE/TREPADORA
TR-286,,Vigna caracalla,TAPIZANTE/TREPADORA
PXX,Palmera,Phoenix sp,PALMACEA
PYE,Palmera solitaria,Ptychosperma elegans,PALMACEA
EJA,Evónimo japonés,Euonymus japonicus,ARBUSTO
SOR,,Symphoricarpos orbiculatus,ARBUSTO
VDI,,Vinca difformis,
UMIM,Olmo común,Ulmus minor ’Mahadahonda’,FRONDOSA
PDUA,almendro silvestre,Prunus dulcis var Amara,FRONDOSA
PHTS,phornium tricolor; lino de nueva zelanda,Phormium tenax 'Sundowner',HERB_PERENNES
PHTV,,Phormium tenax ‘Variegatum’,HERB_PERENNES
HEMV,Hiedra mini variegata,Hedera helix 'Minor Variegata',TAPIZANTE/TREPADORA
TR-292,,Abutilon pictum `Thompsonii´,ARBUSTO
ACAH,Moscón,Acer campestre 'Huibers Elegant',FRONDOSA
AJA,Arce japonés,Acer japonicum,FRONDOSA
AMA,Arce de Oregón,Acer macrophyllum,FRONDOSA
ASAP,Arce plateado,Acer saccharinum 'Pyramidale',FRONDOSA
AVE,Laurel tóxico/Acokantera venenata,Acokanthera oppositifolia,ARBUSTO
TR-380,,Adiantum raddianum,SUBTROPICAL/TROPICAL
TR-178,,Aechmea coelestis var. coelestis,SUBTROPICAL/TROPICAL
TR-184,,Aechmea spectabilis,SUBTROPICAL/TROPICAL
TR-373,,Afrocarpus gracilior,SUBTROPICAL/TROPICAL
CA-063,,Agave univittata 'Quadricolor',CACTACEA/SUCULENTA
PHPE_438,,Agrimonia parviflora,SUBTROPICAL/TROPICAL
PHPE_017,,Alchemilla mollis,HERB_PERENNES
PHPE_326,,Allium ampeloprasum,HERB_PERENNES
CA-346,,Alluaudia procera,CACTACEA/SUCULENTA
CA-393,,Aloe dichotoma,CACTACEA/SUCULENTA
CA-399,,Aloe marlothii,CACTACEA/SUCULENTA
CA-405,,Aloe thraskii,CACTACEA/SUCULENTA
ALI,Hierba Luisa,Aloysia ligustrina,SUBTROPICAL/TROPICAL
AZE,Azucena de porcelana,Alpinia zerumbet,SUBTROPICAL/TROPICAL
TR-026,,Alternanthera ficoidea,SUBTROPICAL/TROPICAL
TR-046,,Annona muricata,SUBTROPICAL/TROPICAL
ST-150,,Apollonias barbujana,SUBTROPICAL/TROPICAL
PHPE_035,,Arabis caucasica 'Schneehaube' Compacta,TAPIZANTE/TREPADORA
CA-088,,Ariocarpus fissuratus,CACTACEA/SUCULENTA
ST-255,,Aristolochia clematitis,SUBTROPICAL/TROPICAL
CA-090,,Astrophytum myriostigma,CACTACEA/SUCULENTA
TR-231,,Bartlettina sordida,SUBTROPICAL/TROPICAL
BCN,(Agracejo) Candídula,Berberis candidula,ARBUSTO
TR-168,,Bixa orellana,SUBTROPICAL/TROPICAL
BCR,,Boronia crenulata,ARBUSTO
BPL,Braquiquito/Brachychiton platanoides,Brachychiton australis,FRONDOSA
BRN,,Brassica napus,HERB_ANUAL
CA-095,,Browningia hertlingiana,CACTACEA/SUCULENTA
BMIF,Boj faulkner,Buxus microphylla 'Faulkner',ARBUSTO
BSEA,Boj común de hoja estrecha,Buxus sempervirens 'Angustifolia',ARBUSTO
TR-317,,Calathea crocata,SUBTROPICAL/TROPICAL
TR-287,,Calliandra haematocephala,SUBTROPICAL/TROPICAL
CACS,Limpiatubos,Callistemon citrinus 'Splendens',ARBUSTO
CFL,Calicanto,Calycanthus floridus,ARBUSTO
PG_024,,Carex morrowii,HERB_PERENNES
ST-021,,Carissa macrocarpa,SUBTROPICAL/TROPICAL
CBE,Carpe,Carpinus betulus,FRONDOSA
CUR,Palmera de cola de pescado,Caryota urens,SUBTROPICAL/TROPICAL
PHPE_080,,Celosia plumosa,SUBTROPICAL/TROPICAL
CEJ,Árbol de Katsura,Cercidiphyllum japonicum,FRONDOSA
CA-099,,Cereus hildmannianus f. monstruosa,CACTACEA/SUCULENTA
CHE,Palmera bambú,Chamaedorea erumpens,SUBTROPICAL/TROPICAL
TR-107,,Chamaedorea pinnatifrons,SUBTROPICAL/TROPICAL
CA-001,,Cheiridopsis denticulata,CACTACEA/SUCULENTA
TR-415,,Cissus rotundifolia,SUBTROPICAL/TROPICAL
CSO,Susana,Citharexylum spinosum,ARBUSTO
ST-215,,Citrus x junos,FRONDOSA
CA-107,,Cleistocactus strausii,CACTACEA/SUCULENTA
TR-211,,Clusia rosea,SUBTROPICAL/TROPICAL
CNU,Cocotero,Cocos nucifera,SUBTROPICAL/TROPICAL
TR-281,,Colvillea racemosa,SUBTROPICAL/TROPICAL
CAB,Cornejo siberiano,Cornus alba,ARBUSTO
COCT,Avellano turco pequeño,Corylus colurna 'Te-Terra Red',FRONDOSA
ST-101,,Corynocarpus laevigatus,SUBTROPICAL/TROPICAL
ST-262,,Cosmos atrosanguineus,SUBTROPICAL/TROPICAL
CIT,Falso membrillero,Cotoneaster integerrimus,ARBUSTO
CA-309,,Cotyledon orbiculata,CACTACEA/SUCULENTA
CA-313,,Crassula 'Justus Corderoy',CACTACEA/SUCULENTA
CA-320,,Crassula tetragona,CACTACEA/SUCULENTA
CAZ,Acerolo,Crataegus azarolus,ARBUSTO
TR-312,,Ctenanthe amabilis,SUBTROPICAL/TROPICAL
ST-030,,Cussonia zuluensis,SUBTROPICAL/TROPICAL
TR-456,,Cymbopogon flexuosus,SUBTROPICAL/TROPICAL
ST-011,,Cyrtanthus brachyscyphus,SUBTROPICAL/TROPICAL
DME,Laureola hembra,Daphne mezereum,ARBUSTO
PHPE_098,,Delosperma cooperi 'Orange',HERB_PERENNES
CA-003,,Delosperma lehmanii,CACTACEA/SUCULENTA
DMA,Deucia magnífica,Deutzia x magnifica,ARBUSTO
CA-347,,Didierea madagascariensis,CACTACEA/SUCULENTA
WRS,Veigela/Weigela rosea,Diervilla florida,ARBUSTO
CA-116,,Disocactus flagelliformis,CACTACEA/SUCULENTA
CA-174,,Ferocactus pilosus,CACTACEA/SUCULENTA
DRD,Drago,Dracaena draco,SUBTROPICAL/TROPICAL
TR-137,,Dracaena fragans 'White Stripe',SUBTROPICAL/TROPICAL
CYL,Areca/Chrysalidocarpus lutescens,Dypsis lutescens,SUBTROPICAL/TROPICAL
CA-322,,Echeveria gibbiflora,CACTACEA/SUCULENTA
CA-117,,Echinocactus grusonii,CACTACEA/SUCULENTA
CA-128,,Echinocereus subinermis,CACTACEA/SUCULENTA
CA-137,,Echinopsis chrysantha,CACTACEA/SUCULENTA
CA-143,,Echinopsis pachanoi,CACTACEA/SUCULENTA
EHO,Encefalarto azul,Encephalartos horridus,HERB_PERENNES
TR-450,,Epidendrum calanthum,SUBTROPICAL/TROPICAL
ST-265,,Epilobium angustifolium,SUBTROPICAL/TROPICAL
ERJ,Níspero del Japón,Eriobotrya japonica,FRONDOSA
CA-160,,Espostoopsis dybowskii,CACTACEA/SUCULENTA
EAT,Evónimo ardiente,Euonymus atropurpureus,ARBUSTO
CA-358,,Euphorbia ferox,HERB_PERENNES
TR-255,,Euphorbia milii,HERB_PERENNES
CA-372,,Euphorbia pseudocactus,HERB_PERENNES
ST-097,,Farfugium japonicum,SUBTROPICAL/TROPICAL
CA-165,,Ferocactus gracilis,CACTACEA/SUCULENTA
CA-294,,Weberbauerocereus weberbaueri,CACTACEA/SUCULENTA
CA-291,,Trichocereus grandiflorus,CACTACEA/SUCULENTA
PHPE_301,,Tradescantia 'Charlotte',HERB_PERENNES
TR-193,,Tillandsia cyanea,CACTACEA/SUCULENTA
ST-081,,Tecoma stans,ARBUSTO
SHH_036,,Tagetes tenuifolia,HERB_ANUAL
CA-285,,Submatucana paucicostata,CACTACEA/SUCULENTA
CA-274,,Stenocactus pentacanthus,CACTACEA/SUCULENTA
CA-298,,Senecio cylindricus,HERB_PERENNES
TR-395,,Selaginella kraussiana,SUBTROPICAL/TROPICAL
PHPE_287,,Sedum sexangulare,CACTACEA/SUCULENTA
ST-015,,Schinus terebinthifolia,ARBUSTO
TR-467,,Sansevieria sp,CACTACEA/SUCULENTA
ST-052,,Saccharum officinarum,HERB_PERENNES
PHPE_324,,Rudbeckia x hybrida,HERB_PERENNES
H03C,,Rosa 'York and Lancaster',ARBUSTO
B089D,Meifazeda,'Violinista Costa',ARBUSTO
E053,,Rosa 'Valeta',ARBUSTO
C005E,,Rosa 'Tequila Sunrise',ARBUSTO
SP01,,Rosa stylosa,ARBUSTO
RSOL,Rosal 'Solidor',Rosa 'Solidor',ARBUSTO
FM11,,Rosa 'Snow Hit',ARBUSTO
D103B,,Rosa 'Schneekönigin',ARBUSTO
H07B,,Rosa 'Salet',ARBUSTO
AB59A,,Rosa 'RT 99176',ARBUSTO
D042A,,Rosa 'Rose Dot',ARBUSTO
B015A,,Rosa 'Rendez-Vous',ARBUSTO
H03E,,Rosa 'Quatre Saisons',ARBUSTO
B053A,,Rosa 'Poesie',ARBUSTO
B062B,,Rosa 'Perfume de Multiflore',ARBUSTO
H32A,,Rosa 'Paquerette',ARBUSTO
B035C,,Rosa 'Nuria Feliú',ARBUSTO
A030B,,Rosa 'MR-588-BR',ARBUSTO
H31D,,Rosa 'Mme. Caroline Testout',ARBUSTO
C006C,,Rosa 'MEIvidam',ARBUSTO
B071B,,Rosa 'MEIbonenvy FA-907-MR',ARBUSTO
BP55B,,Rosa 'Marcel Pagnol',ARBUSTO
D050B,,Rosa 'Look Good',ARBUSTO
A015,,Rosa 'Laurent Nicolas',ARBUSTO
C008E,,Rosa 'KO 10/7443-01',ARBUSTO
A045B,,Rosa 'J.M. Lopez Picó',ARBUSTO
D084B,,Rosa 'Icy Drift',ARBUSTO
BP29B,,Rosa 'Hacienda',ARBUSTO
TF2A,,Rosa 'Golden Pareo',TAPIZANTE/TREPADORA
H02H,,Rosa 'Georges Vibert',ARBUSTO
H09B,,Rosa foetida var.bicolor (Jacq.) E. Willm,ARBUSTO
ST-282,,Mauranthemum paludosum ,SUBTROPICAL/TROPICAL
D018B,,Rosa 'FEsara FE 00150',ARBUSTO
PHPE_228,,Miscanthus sinensis 'Silberfeder',HERB_PERENNES
PHPE_424,,Monarda citriodora,HERB_PERENNES
PHPE_403,,Monarda punctata,HERB_PERENNES
E048B,,Rosa 'FEcomarca',ARBUSTO
A028A,,Rosa 'Eye Paint',ARBUSTO
A030A,,Rosa 'Elizabeth of Glamis',ARBUSTO
B026B,,Rosa 'DORnest 3-134',ARBUSTO
E031,,Rosa 'Daydream',ARBUSTO
H15E,,Rosa 'Compte de Chambord',ARBUSTO
B070A,,Rosa 'Chicago Peace',ARBUSTO
D105B,,Rosa 'Carl Nielsen',ARBUSTO
C005G,,Rosa 'Brocéliande',ARBUSTO
DP02A,,Rosa 'Bettina',ARBUSTO
A005,,Rosa 'Ballerina',ARBUSTO
E064,,Rosa 'Andalusien',ARBUSTO
E007,,Rosa 'Aloha',ARBUSTO
B078B,,Rosa 'ADAsufora',ARBUSTO
ORM,,Origanum majorana,HERB_PERENNES
NDOG,,Nandina domestica 'Gulf Stream',HERB_PERENNES
PAZ,Pasionaria,Passiflora sp,TAPIZANTE/TREPADORA
TR-363,,Peperomia pereskiifolia,SUBTROPICAL/TROPICAL
TR-073,,Philodendron erubescens 'Black Cardinal',SUBTROPICAL/TROPICAL
JSQB,,Juniperus squamata 'Blue Carpet',CONIFERA
CA-255,,Pilosocereus gaumeri,CACTACEA/SUCULENTA
TR-276,,Plectranthus ciliatus,SUBTROPICAL/TROPICAL
TR-326,,Plinia cauliflora,SUBTROPICAL/TROPICAL
DGRN,,Deutzia gracilis 'Nikko',ARBUSTO
PHPE_262,,Potentilla 'Monarch Velvet',HERB_PERENNES
TR-433,,Pouteria sapota,SUBTROPICAL/TROPICAL
RINM,,Rhaphiolepis indica 'Monme' SPRINGTIME,ARBUSTO
WFR,,Westringia fruticosa,ARBUSTO
EJAP,,Euonymus japonicus var. pulchellus,ARBUSTO
TR-466,,Pteris cretica,HERB_PERENNES
PITT,,Pittosporum tenuifolium 'Tom Thumb',ARBUSTO
SYH,,Symphoricarpos xchenaultii 'Hancock',ARBUSTO
ODI,Helycrisum diosmifolius; flor de arroz,Ozothamnus diosmifolius,ARBUSTO
CA-263,,Rebutia deminuta,CACTACEA/SUCULENTA
CA-269,,Rhipsalis burchellii,CACTACEA/SUCULENTA
BCRA,,Bergenia crassifolia,ARBUSTO
A003,,Rosa 'ADAbapocs',ARBUSTO
PYCO,,Pyrus communis 'Conferencia',FRONDOSA
PYCW,,Pyrus communis 'Williams',FRONDOSA
SNEA,,Salvia nemorosa ‘Adrian',HERB_PERENNES
WFLV,,Weigela florida ‘Victoria’,
CALA,"arbol del cepillo, espumillon rojo",Callistemon laevis,SUBTROPICAL/TROPICAL
POPA,,Platycladus orientalis 'Pyramidalis Aurea',CONIFERA
HYPO,,Hypericum polyphyllum,
SAOF,,Saponaria officinalis,
GAX,,Gaura sp,
SEMA,,Senecio mandraliscae,
SEMX,,Sempervivum sp,
JSAT,,Juniperus sabina 'Tamariscifolia',
JHOW,,Juniperus horizontalis 'Wiltonii',
JXPG,,Juniperus xpfitzeriana 'Gold Coast',
ALPO,Puerro,Allium porrum,
CIE,Endivia,Cichorium endivia,
CIEC,Escarola,Cichorium endivia var. crispum,
CYCA,,Cynara cardunculus,
ERB,Cardo blanco,Eryngium dilatatum,
ANCO,,Anemone coronaria,
PRPW,,Primula pruhonicensis 'Wanda’,
NAPC,,Narcissus pseudonarcissus 'Carlton’,
CLAM,Godetia,Clarkia amoena,
JAP,,Jatropha podagrica,
LES,"Berro de jardín, mastuerzo",Lepidium sativum,
PEC,Poligonum,Persicaria capitata,
TRC,,Trachelium caeruleum,
ALSS,,Aloe 'Safari Sunrise',
AMBE,,xAmarine 'Belladiva',
BROG,Col de Bruselas,Brassica oleracea subsp. gemmifera,
BROP,Kale,Brassica oleracea subsp. palmifolia,
BRRP,Col China,Brassica rapa subsp. pekinensis,
CLAP,Godetia repens,Clarkia prostrata,
TUL,,Tuberaria lignosa,
HER,,Hemionitis rotundifolia,
GLB,,Glossocardia bidens,
CACV,Alcaravea,Carum carvi,
ONA,Cardo blanco,Onopordum acanthium,
ANAR,,Angelica archangelica,
GLI,Genista,Genista lydia,ARBUSTO
DVIP,,Dodonaea viscosa 'Purpurea',
MYG,,Myrica gale,
AAG,,Achillea ageratum,
AKOL,,Actinidia kolomikta,
AFO,,Agastache foeniculum,
ACAP,,Aristea capitata,
AST,,Artemisia stelleriana,
AVU,,Artemisia vulgaris,
AGRA,,Asteriscus graveolens,
BROB,Brocoli,Brassica oleracea var. botrytis,
CBAS,,Coreopsis basalis,
CLNC,,Coreopsis lanceolata,
CME,,Cucumis melo,
DSU,,Delosperma sutherlandii,
DRES,,Dicliptera resupinata,
DPA,,Dracaena parva,
EBU,Cardo blanco,Eryngium bourgatii,
GCO,,Glebionis coronaria,
GMU,,Gypsophila muralis,
HAR,,Helichrysum arenarium,
HVU,,Hydrocotyle vulgaris,
HFR,,Hymenocallis fragrans,
IFL,,Isotoma fluviatilis,
KLI,,Kniphofia linearifolia,
MYAZ,,Myosotis azorica,
OAR,,Oxalis articulata,
PTOM,,Pelargonium tomentosum,
PTAQ,,Pteridium aquilinum,
SALB,,Sedum album,
SADY,,Strobilanthes auriculata var. dyeriana,
SSU,,Symphyotrichum subulatum,
TNI,,Tanacetum niveum,
VRU,,Valeriana rubra,
HESP,,Hellenia speciosa,
HCAE,,Houstonia caerulea,
PMAJ,,Plantago major,
RRAS,,Raphanus raphanistrum subsp sativus,
RMU,,Reynoutria multiflora,
LPUB,,Latua pubiflora,
DIRI,,Dietes iridioides,
GSTI,,Gillenia stipulata,
SCX,,Scirpus sp,
HSWC,,Hibiscus syriacus 'White Chiffon',ARBUSTO
SVUS,,Syringa vulgaris 'Sensation',
ASPL,,Asplenium platyneuron,
EDR,Escalonia 'Donard Radiance',Escallonia 'Donard Radiance',
LAAS,,Lavandula angustifolia 'Arctic Snow',
SMRB,,Salvia microphylla 'Royal Bumble',
TEC,,Teucrium capitatum,
CAPU,Uncinia rubra,Carex pucinea,
AMPO,,Anthochlamys polygaloides,
PESE,,Petrosedum sediforme,
SECO,,Senna corymbosa,
EEBL,,Elaeagnus x ebbingei 'Limelight',ARBUSTO
EJAA,,Euonymus japonica var. pulchellus 'aurea',
RSAR,Rosa 'La Sardana',Rosa 'La Sardana',
RMBE,Rosa 'Monica Bellucci',Rosa 'Monica Bellucci',
MYCB,,Myrtus communis subsp. baetica,ARBUSTO
HSYO,"Hibiscus syriacus 'Blue Bird' , Rose of Sharon",Hibiscus syriacus ‘Oiseau Bleu’,ARBUSTO
ROBG,Meibelitz,Rosa ‘Belle de Grasse’,ARBUSTO
CACB,Junquillo,Carex comans 'Bronze Perfection',HERB_PERENNES
MEAR,Alfalfa arbórea,Medicago arborea,ARBUSTO
HMSL,malva rosa de los pantanos; Bailhibred,Hibiscus moscheutos 'Luna Red’,ARBUSTO
PDCO,,Prunus dulcis 'Constantí',FRONDOSA
FCAN,,Ficus carica 'Napolitana',FRONDOSA
FCAM,'Cuello de dama blanco',Ficus carica 'Gota de Miel',FRONDOSA
MCOP,,Malus 'Comtesse de Paris',
BSER,,Buxus sempervirens 'Rotundifolia',
PDUF,,Prunus dulcis 'Ferraduel',
PDFE,,Prunus dulcis 'Ferragnes',
ICYR,,Imperata cylindrica 'Red Baron',
PDUM,,Prunus dulcis 'Marinada',
HEFR,"Hebe, Verónica",Hebe x franciscana 'Variegata',ARBUSTO
DIAN,,Dicksonia antarctica,
PHYB,,Pericallis hybrida,
CBOP,bayas bonitas,Callicarpa bodinieri 'Profusion',
NIX,,Nidularium sp,
HEC,,Hemerocallis citrina,
NPN,,Nipponanthemum nipponicum,HERB_PERENNES
CNE,,Clinopodium nepeta,HERB_PERENNES
PHU,,Phymosia umbellata,ARBUSTO
CON,,Coleus neochilus,HERB_PERENNES
PLEE,,Plectranthus ecklonii,SUBTROPICAL/TROPICAL
CEN,,Centaurea nigra,HERB_PERENNES
ELM,,Elymus magellanicus,HERB_PERENNES
AGRN,,Abelia x grandiflora 'nana',ARBUSTO
ABCH,,Abelia chinensis,ARBUSTO
ERLI,,Erysimum linifolium 'Bowles' Mauve',HERB_PERENNES
JVIS,,Juniperus virginiana 'Skyrocket',CONIFERA
SNM,,Solanum nemorense,HERB_PERENNES
FMI,,Ficus microphylla,SUBTROPICAL/TROPICAL
PLEV,,Plectranthus verticillatus,HERB_PERENNES
BIF,,Bidens ferulifolia,HERB_PERENNES
PEA,,Petunia atkinsiana,HERB_ANUALES
JAB,,Jamesbrittenia breviflora,HERB_ANUALES
MEG,,Mecardonia grandiflora,TAPIZANTE/TREPADORA
ANMM,,Antirrhinum majus subsp. majus,HERB_PERENNES
ASAC,,Asparagus acutifolius,HERB_PERENNES
JHOG,,Juniperus horizontalis ’Glauca’,CONIFERA
NPM,Nepeta mussini,Nepeta racemosa subsp racemosa,HERB_PERENNES
PESR,Cenchrus setaceus,Pennisetum setaceum 'Rubrum',HERB_PERENNES
PITG,,Pittosporum tenuifolium ’Gold star’,ARBUSTO
RBB,,Rosa 'Black Baccara',ARBUSTO
RGD,,Rosa 'Grand Nord',ARBUSTO
RLB,,Rosa 'Landora Bluebell',ARBUSTO
RSI,,Rosa 'Samurai',ARBUSTO
A046B,,Rosa 'ADAchampagre',ARBUSTO
C004G,,Rosa 'ADAmarito',ARBUSTO
TH1B1,Rosa 'ALB 14609P-S',Rosa 'VERTIGO',ARBUSTO
RCOD,,Rosa 'CODtrodi 3-506',ARBUSTO
D008E,,Rosa 'Crispin',ARBUSTO
G001,,Rosa 'Douceur Normande',ARBUSTO
A051B,,Rosa 'EVEbovillah',ARBUSTO
D012B,,Rosa 'EVEminearo',ARBUSTO
B008A,,Rosa 'Gloria de Llobregat',ARBUSTO
B089E,,Rosa 'Golden Urquijo',ARBUSTO
RGP,Meifazeda,Rosa 'Golden Perfumella',ARBUSTO
A041B,,Rosa 'NIRPjardimag',ARBUSTO
B062A,,Rosa 'Raquel Meller',ARBUSTO
B008E,,Rosa 'Snow Fairy',ARBUSTO
RTE,,Rosa 'Tequila',ARBUSTO
RAQ,,Rosa 'Aquarell',ARBUSTO
E032B,,Rosa 'Setsuko Thurlow',ARBUSTO
A008B,,Rosa 'ADAyerema',ARBUSTO
RGY,,Rosa 'Gyldensteen',ARBUSTO
RPM,,Rosa 'Perfume Miracle',ARBUSTO
RFEL,,Rosa 'Felco',ARBUSTO
RBRE,,Rosa 'Rose de Bretagne',ARBUSTO
RWA,,Rosa 'White Angel',ARBUSTO
RYB,,Rosa 'Yelow Breeze',ARBUSTO
RPLO,,Rosa 'Pierre Loti',ARBUSTO
RPC,,Rosa 'Paul Croix',ARBUSTO
RVBA,,Rosa 'Ville de Bourg-Argental',ARBUSTO
R1716,,Rosa '17-16-3780-01',ARBUSTO
RPPL,Rosa 'FE-16010-CS',Rosa 'Prince François de Luxembourg’,ARBUSTO
A044C,,Rosa 'MAURITIA',ARBUSTO
E049A,,Rosa 'KO 12/4931-02’,ARBUSTO
B023C,,Rosa ‘VISpanwemi’,ARBUSTO
B100B,Rosa ‘FE-16047-ARB’,Rosa 'Hospital 12 de Octubre',ARBUSTO
E033A,,Rosa ‘17-16-4028-02’,ARBUSTO
CYCR,,Cynoglossum creticum,HERB_PERENNES
ACFI,,Achillea filipendulina,HERB_PERENNES
DIGR,,Dianthus gratianopolitanus,HERB_PERENNES
BEPU,,Berkheya purpurea,HERB_PERENNES
BELY,,Berlandiera lyrata,HERB_PERENNES
DEGR,,Delphinium grandiflorum,HERB_PERENNES
ECBA,,Echinops bannaticus,HERB_PERENNES
DIPE,,Dianthus petraeus subsp. petraeus,HERB_PERENNES
SADI,,Saposhnikovia divaricata,HERB_PERENNES
SEPO,,Senecio polyodon 'Polyodon',HERB_PERENNES
CECY,,Centaurea cyanus,HERB_PERENNES
TACC,,Tanacetum coccineum subesp coccineum,HERB_PERENNES
COAM,,Coleus amboinicus,HERB_PERENNES
PEFR,,Peperomia fraseri,SUBTROPICAL/TROPICAL
PECA,,Peperomia caperata,SUBTROPICAL/TROPICAL
PLZU,,Plectranthus zuluensis,SUBTROPICAL/TROPICAL
POIN,,Potentilla indica,HERB_PERENNES
E014B,,Rosa 'AM-037-BR',ARBUSTO
E036A,,Rosa 'CODeuke',ARBUSTO
A027A,,Rosa 'EVEleira',ARBUSTO
A032A,,Rosa 'FE 15060-A',ARBUSTO
A005E,,Rosa 'KO 12/4782-99',ARBUSTO
B024B,,Rosa 'KORgeltiv KO 98/1552-01',ARBUSTO
E035E,,Rosa 'MR-020-BR',ARBUSTO
CYST,,Cytisus striatus,ARBUSTO
BRS,,Bromelia sp,SUBTROPICAL/TROPICAL
ISTI,,Isatis tinctoria,HERB_PERENNES
COTI,,Coreopsis tinctoria,HERB_PERENNES
RELU,,Reseda luteola,HERB_PERENNES
EUMA,,Euphorbia marginata,HERB_PERENNES
NECL,,Nepeta clarkei,HERB_PERENNES
CYPL,,Cymbalaria muralis,HERB_PERENNES
KOGL,,Koeleria glauca,HERB_PERENNES
PYTE,,Pycnanthemum tenuifolium,HERB_PERENNES
MULI,,Muhlenbergia lindheimeri,HERB_PERENNES
RAAU,,Raoulia australis,HERB_PERENNES
TRCA,,Trigonella caerulea,HERB_ANUALES
MADR,,Malus domestica ‘Royal Gala’,FRONDOSA
MADV,,Malus domestica ‘Verde Doncella’,FRONDOSA
PFTA,Potentilla 'Abbotswood'; cincoenrrama; Pentaphylloides fruticosa (L.); Fragaria fruticosa (L.),Dasiphora fruticosa 'Abbotswood',HERB_PERENNES
SVUT,"Lilo, Lila",Syringa vulgaris 'Amethyst',ARBUSTO
QUS,Quillay,Quillaja saponaria,FRONDOSA
